published_date,title,abstract,abstract_in_chinese,keywords,authors,affiliations,risk.affiliations,source,url,risk.level,matched_model
"Jan 30, 2024 @ 19:00:00.000",Design and Implementation of Aircraft Environment Controller Based on DSP,Aiming at the control requirements of the aircraft internal environment during flight and meeting the tracking control of the aircraft environmental control system for the set target; this paper propose an embedded control system based on TMS320F28335. The control system adopts a fuzzy control strategy to control typical aircraft environmental parameters——temperature and pressure. This paper introduces the design and working theory of the embedded control system from both software and hardware. Based on the system design; this paper has completed the development of the prototype and conducted ground test verification. Through experimental verification and summary analysis of experimental results; this paper proven that the designed control system has good engineering practical value.,-,"aircraft environmental control system, embedded control system, pressure, temperature",LIN Cheng-wei;WEI Qi-long;SUN Liang,"The Third Military Representative Office in Nanjing, Military Representative Bureau in Shanghai, The Air Force Equipment Department, AVIC Jincheng Nanjing Engineering Institute of Aircraft System",The Air Force Equipment Department,Mechanical Engineering ＆ Automation.,https://kns.cnki.net/kcms/detail/detail.aspx?dbcode=CJFD&dbname=CJFDAUTO&filename=SXJX202402049,Extreme,TMS320F28335
"Apr 29, 2023 @ 20:00:00.000",A Method for Specific Communication Emitter Identification Based on Multi-Domain Feature Fusion,To solve the problem of low identification rate caused by specific communication emitter identification using a single feature; a method for individual identification of the communication emitter based on multi-domain feature fusion is proposed. Firstly; multiple transform domain features of the signals transmitted by the communication emitter are extracted; and these features are combined into multi-domain features.Secondly; the multi-channel convolution neural network is constructed; and the multi-channel convolution operation is carried out to extract the multi-domain features at a deep level. Finally; specificcommunication emitter classification is completed using the neural network classifier.Compared with the identification method based on a single feature; this method makes full use of the multi-domain features of the signals sent by the communication emitter and combines the powerful microscopic feature mining capability of the neural network to realize the effective individual identification of the communication emitter. Through the identification of 20 CC2530 devices under the conditions of low signal-to-noise ratio（SNR） and Rayleigh channel; the results show that the proposed method can significantly improve the identification accuracy and timeliness under a low SNR; and that the identification effect can still reach 91.01% under the condition of 0 dB.,-,"communication emitter identification, feature fusion, low signal-to-noise ratio, multi-channel convolution neural network",ZHANG Jie;WANG Jian;WEI Guofeng;GUO Daoxing;ZHANG Bangning,"College of Communications Engineering, Army Engineering University of PLA","Army Engineering University (中国人民解放军陆军工程大学), Army Engineering University of PLA",Core;Acta Armamentarii.,https://kns.cnki.net/kcms/detail/detail.aspx?dbcode=CJFD&dbname=CJFDAUTO&filename=BIGO202304004,"Very High (1286)
, Extreme",CC2530
"Jan 30, 2023 @ 19:00:00.000",Design and implementation of energy storage battery management system in microgrid,Combined with the working characteristics of microgrid energy storage battery;a battery management system based on TMS320F2812 and LTC6811 is designed. The master-slave system architecture is adopted;and the slave module is mainly LTC6811. The voltage;current;temperature and other state acquisition circuits and active equalization circuits are established to manage 12 series of battery packs;and communicate with the master module through SPI serial port;In the Code Warrior development environment;the software of the main control module TMS320F2812 minimization system is developed to realize the program design of battery SOC estimation;active balance control;safety protection and so on;and improve the monitoring and management ability of battery packs. Experiments show that the scheme is feasible and effective;the battery data acquisition accuracy is high;the voltage error is within ±5 mV;the temperature error is within ± 1 ℃;and the active equalization effect is obvious;and the SOC difference of the series battery pack is within 1%.,-,"acquisition circuit, active equalization, battery management system, energy storage battery, ltc6811",WANG Jun;YIN Zhiyong;REN Xiaokun;GUO Xin,"Power Engineering Teaching and Research Section,Shijiazhuang Campus,Army University of Engineering",Army University of Engineering,Electronic Design Engineering.,https://kns.cnki.net/kcms/detail/detail.aspx?dbcode=CJFD&dbname=CJFDAUTO&filename=GWDZ202321034,Extreme,TMS320F2812
"Jan 30, 2023 @ 19:00:00.000",Design of intelligent door lock system based on ZigBee,In order to improve the security of intelligent door lock and realize the remote monitoring and management of door lock;an intelligent door lock system based ZigBee is designed.The system consists of terminal door lock;wireless gateway;platform and user terminal. The system takes CC2530 chip as the core;terminal door lock as the terminal node and wireless gateway as the coordinator to construct ZigBee’s wireless network and realize the network interconnection with the platform.Users can issue control instructions through the platform to realize remote control of the door lock.At the same time;the terminal door lock can detect the state of the door lock and upload the state information to the platform.The test results show that the dormant power consumption of the terminal door lock is less than 20 μA and the success rate of unlocking is more than 95%.The platform can accurately obtain the state of the door lock.It is practical to control the state of the door lock in real time.,-,"cc2530, intelligent door lock, internet of things, zigbee",GAN Yu;HE Yunfei;XIAO Guorui,"Institute of Geospatial Information,Strategic Support Force Information Engineering University, Hunan BDS Micro-Chipset Industrial Development Co.,Ltd.","Information Engineering University (中国人民解放军信息工程大学), Strategic Support Force Information Engineering University",Electronic Design Engineering.,https://kns.cnki.net/kcms/detail/detail.aspx?dbcode=CJFD&dbname=CJFDAUTO&filename=GWDZ202316002,"Very High (1286)
, Extreme",CC2530
"Jan 30, 2023 @ 19:00:00.000",A Method for Specific Communication Emitter Identification Based on Multi-Domain Feature Fusion,To solve the problem of low identification rate caused by specific communication emitter identification using a single feature; a method for individual identification of the communication emitter based on multi-domain feature fusion is proposed. Firstly; multiple transform domain features of the signals transmitted by the communication emitter are extracted; and these features are combined into multi-domain features.Secondly; the multi-channel convolution neural network is constructed; and the multi-channel convolution operation is carried out to extract the multi-domain features at a deep level. Finally; specificcommunication emitter classification is completed using the neural network classifier.Compared with the identification method based on a single feature; this method makes full use of the multi-domain features of the signals sent by the communication emitter and combines the powerful microscopic feature mining capability of the neural network to realize the effective individual identification of the communication emitter. Through the identification of 20 CC2530 devices under the conditions of low signal-to-noise ratio（SNR） and Rayleigh channel; the results show that the proposed method can significantly improve the identification accuracy and timeliness under a low SNR; and that the identification effect can still reach 91.01% under the condition of 0 dB.,-,"communication emitter identification, feature fusion, low signal-to-noise ratio, multi-channel convolution neural network",ZHANG Jie;WANG Jian;WEI Guofeng;GUO Daoxing;ZHANG Bangning,"College of Communications Engineering, Army Engineering University of PLA","Army Engineering University (中国人民解放军陆军工程大学), Army Engineering University of PLA",Core;Acta Armamentarii.,https://kns.cnki.net/kcms/detail/detail.aspx?dbcode=CJFD&dbname=CJFDAUTO&filename=BIGO202304004,"Very High (1286)
, Extreme",CC2530
"May 31, 2021 @ 20:00:00.000",基于DSP的可变光阑红外目标模拟器设计,The paper designed a set of infrared target simulator; The simulator used mid-blackbody as infrared radiation source; under the control of the control system based on the digital signal processing chip TMS320 F2812; infrared targets with different radiation intensity and different sizes can be simulated quickly.,设计了一套可变光阑的红外目标模拟器;采用中温黑体作为红外辐射源;在以数字信号处理芯片TMS320F2812为核心的控制系统的控制下;能够快速模拟出不同辐射强度、不同大小的红外目标。,"dsp, infrared, target simulator, variable diaphragm",Xu Xiao-liang;Han Lin-lin,"航空工业导弹院, China Airborne Missile Academy, The 32319 unit of the Chinese People’s Liberation Army, 中国人民解放军32319部队","Chinese People Holdings Company Limited (中民控股有限公司), The 32319 unit of the Chinese People’s Liberation Army, 中国人民解放军32319部队",//DZZN.cbpt.cnki.net,https://web02.cnki.net/kcms/detail/detail.aspx?filename=DZZN202106036&dbcode=BQZJ&dbname=BQZSLKCJFDLAST2021&v=,"Very High (Public Company), Extreme, Extreme",TMS320F2812
"May 31, 2021 @ 20:00:00.000",基于DSP的可变光阑红外目标模拟器设计,The paper designed a set of infrared target simulator; The simulator used mid-blackbody as infrared radiation source; under the control of the control system based on the digital signal processing chip TMS320 F2812; infrared targets with different radiation intensity and different sizes can be simulated quickly.,设计了一套可变光阑的红外目标模拟器;采用中温黑体作为红外辐射源;在以数字信号处理芯片TMS320F2812为核心的控制系统的控制下;能够快速模拟出不同辐射强度、不同大小的红外目标。,"dsp, infrared, target simulator, variable diaphragm",Xu Xiao-liang;Han Lin-lin,"航空工业导弹院, China Airborne Missile Academy, The 32319 unit of the Chinese People’s Liberation Army, 中国人民解放军32319部队","Chinese People Holdings Company Limited (中民控股有限公司), The 32319 unit of the Chinese People’s Liberation Army, 中国人民解放军32319部队",//DZZN.cbpt.cnki.net,https://web02.cnki.net/kcms/detail/detail.aspx?filename=DZQJ202103011&dbcode=BQZJ&dbname=BQZSLKCJFDLAST2021&v=,"Very High (Public Company), Extreme, Extreme",TMS320F2812
"Mar 30, 2021 @ 20:00:00.000",Design of Embedded Piston-temperature Test System for Engine,In view of the fact that there is no effective means to measure engine piston temperature;this paper designed one feasible embedded piston-temperature testing system.By selecting K-type thermocouple as temperature sensor and combining AD590 with output compensation voltage of one 2.5 Vreference voltage source;it further compensated thermocouple cold-end temperature accordingly.In addition;it adjusted AD8495 set-point voltage under present temperature to output rising edge for achieving function of adjustable trigger temperature.After collecting temperature data upon 3 test points on top of piston via embedded Analog-to-digital converter（ADC）under control of PIC single chip;it turns out this system can send all test results to receiving platform of upper computer via CC2530.Before test;the entire system was also calibrated within high-temperature cabinet.After completing a series of comparisons between actually-tested values and calibrated ones;subsequent tests upon engine bench would be conducted.And these actually-tested results show that test accuracy of the system can reach±1 ℃.It can normally operate even in high temperature environment up to 130℃;demonstrating better stability and reliability.,-,"piston for engine, storage test, temperature test, wireless communication",Zhao Qinglan;Zhang Qiang;Wang Daihua;Shi Jingnan,"State Key Laboratory for Engine Reliability, Military Representative Bureau of Army Eqcaprhent Department in Beijing, Weichai Power Co.,Ltd., Key Laboratory of Instrumentation Science ＆ Dynamic Measurement,Ministry of Education,North University of China","North University of China (中北大学), North University of China (中北大学), Military Representative Bureau of Army Eqcaprhent Department in Beijing",Computer Measurement ＆ Control.,https://kns.cnki.net/kcms/detail/detail.aspx?dbcode=CJFD&dbname=CJFDAUTO&filename=JZCK202103024,"Very High (Defense & Security Affiliated Research Universities)
, Very High (1286)
, Extreme",CC2530
"Mar 30, 2021 @ 20:00:00.000",New Method for DSP Reconstruction and Immune Single Particle Flip,According to the problems of joint test action group（JTAG） being not used during on-orbit satellite controller reconstruction and being difficult to update DSP program due to the limitation of working environment;taking digital signal processing（DSP） TMS320 F28335 as an example; a scheme of online reconstruction DSP controller through serial port is proposed. Because the DSP controller may be knocked over by a single particle while the satellite is in orbit; a method of redundancy of the master control program and periodic or instruction reconstruction of the master program to reduce the possibility of invalid of the controller due to the flip of the single particle is proposed. Experimental results show that the method is simple and suitable; stable and reliable operation; and easy to operate; which can realize the reconstruction program of DSP TMS320 F28335 take over the controller after power on; solve the problem of reconstruction of DSP in orbit; and greatly reduce the possibility of being knocked over by single particle. It can be applied to the commercial aerospace embedded field.,-,"on-orbit reconstruction, reconstruction booting program, single particle inversion, tms320f28335",YIN Lei;XIE Xin;HOU Rui-peng;REN Yun-tian,"Academy of Opto-Electronics, China Electronics Technology Group Corporation (AOE CETC), No.3 Military Representative Office of Air Force Equipment Department in Tianjin","China Electronics Corporation (中国电子信息产业集团有限公司), China Electronics Corporation (中国电子信息产业集团有限公司), China Electronics Corporation (中国电子信息产业集团有限公司), No.3 Military Representative Office of Air Force Equipment Department in Tianjin",Electro-Optic Technology Application.,https://kns.cnki.net/kcms/detail/detail.aspx?dbcode=CJFD&dbname=CJFDAUTO&filename=GDYG202103012,"Very High (1260), Very High (SOE), Very High (CMIC), Extreme",TMS320F28335
"Jan 30, 2021 @ 19:00:00.000",数字信号处理器单粒子功能性瞬态故障预估方法研究,结合特定应用下数字信号处理器单粒子功能故障的产生机理和表征模式;定义了单粒子功能性瞬态故障的概念;提出了利用数字信号处理器内部存储区数据位翻转截面和数据位缓存时间有效占比预估功能性瞬态故障截面的方法。在西安200 MeV质子应用装置上开展了TMS320C6455型数字信号处理器质子辐照实验;对预估方法的有效性进行了验证。实验得到了被测器件的功能性瞬态故障截面和内部存储区数据位翻转截面;并利用预估方法计算得到被测器件功能性瞬态故障截面预估值;实验结果与预估值相对偏差小于5%。,-,"功能性瞬态故障, 单粒子效应, 数字信号处理器, 质子应用装置, 预估方法",刘卧龙;赵铭彤;王茂成;王迪;盛江坤;王忠明;姚志斌;杨业;许鹏;罗尹虹," 火箭军工程大学,  强脉冲辐射环境模拟与效应国家重点实验室,  西北核技术研究所","Northwest Institute Of Nuclear Technology (西北核技术研究所), 火箭军工程大学",现代应用物理,https://kns.cnki.net/kcms/detail/detail.aspx?dbcode=CJFD&dbname=CJFDLAST2021&filename=YYWL202103016,"Very High (EL), Extreme",TMS320C6455
"Jan 30, 2021 @ 19:00:00.000",基于DSP的可变光阑红外目标模拟器设计,设计了一套可变光阑的红外目标模拟器;采用中温黑体作为红外辐射源;在以数字信号处理芯片TMS320F2812为核心的控制系统的控制下;能够快速模拟出不同辐射强度、不同大小的红外目标。,-,"可变光阑, 数字信号处理, 目标模拟器, 红外",韩琳琳;徐晓亮," 航空工业导弹院,  中国人民解放军32319部队  ",中国人民解放军32319部队,电子质量,https://kns.cnki.net/kcms/detail/detail.aspx?dbcode=CJFD&dbname=CJFDLAST2021&filename=DZZN202106036,Extreme,TMS320F2812
"Jan 30, 2021 @ 19:00:00.000",Design of Embedded Piston-temperature Test System for Engine,In view of the fact that there is no effective means to measure engine piston temperature;this paper designed one feasible embedded piston-temperature testing system.By selecting K-type thermocouple as temperature sensor and combining AD590 with output compensation voltage of one 2.5 Vreference voltage source;it further compensated thermocouple cold-end temperature accordingly.In addition;it adjusted AD8495 set-point voltage under present temperature to output rising edge for achieving function of adjustable trigger temperature.After collecting temperature data upon 3 test points on top of piston via embedded Analog-to-digital converter（ADC）under control of PIC single chip;it turns out this system can send all test results to receiving platform of upper computer via CC2530.Before test;the entire system was also calibrated within high-temperature cabinet.After completing a series of comparisons between actually-tested values and calibrated ones;subsequent tests upon engine bench would be conducted.And these actually-tested results show that test accuracy of the system can reach±1 ℃.It can normally operate even in high temperature environment up to 130℃;demonstrating better stability and reliability.,-,"piston for engine, storage test, temperature test, wireless communication",Wang Daihua;Zhang Qiang;Zhao Qinglan;Shi Jingnan,"State Key Laboratory for Engine Reliability, Military Representative Bureau of Army Eqcaprhent Department in Beijing, Weichai Power Co.,Ltd., Key Laboratory of Instrumentation Science ＆ Dynamic Measurement,Ministry of Education,North University of China","North University of China (中北大学), North University of China (中北大学), Military Representative Bureau of Army Eqcaprhent Department in Beijing",Computer Measurement ＆ Control.,https://kns.cnki.net/kcms/detail/detail.aspx?dbcode=CJFD&dbname=CJFDLAST2021&filename=JZCK202103024,"Very High (Defense & Security Affiliated Research Universities)
, Very High (1286)
, Extreme",CC2530
"Oct 31, 2020 @ 20:00:00.000",一种提高MLS角度精度的综合测量方法,The angle measurement of Microwave Landing System(MLS) is studied;and a comprehensive method for improving the accuracy of angle measurement is proposed.In this method;symmetry of the to-and-fro scanning beams is used to suppress multipath interference;the peak detection algorithm based on intersection of straight lines of position is presented to improve angle measurement accuracy;and digital filtering is used to mitigate the impact of noise.The proposed method has been verified by the digital signal processing system based on TMS320 F2812 DSP.The testing results show that the method has the advantages of high measurement accuracy;robustness to multipath interference and easy engineering implementation.,研究了MLS的角度测量问题;提出了一种提高测角精度的综合测量方法。该方法利用往返扫描波束的对称性抑制多径干扰;利用提出的线交叉寻峰算法改善角度测量精度;利用数字滤波技术减小噪声的影响;并用以TMS320F2812 DSP为核心的数字信号处理系统对提出的方法进行了实验验证。测试结果表明:提出的方法具有测量精度高、对多径干扰具有鲁棒性以及便于工程实现的优点。,"array antenna, azimuth, elevation, microwave landing system(mls), multipath interference",ZOU Kun;TIAN Xiaohua;ZHAO Yinghui;HE Jing,"Xi’an Peihua University, 空军工程大学信息与导航学院, Information and Navigation College, Air Force Engineering University, School of Intelligence Science and Information Engineering, 西安培华学院智能科学与信息工程学院","Air Force Engineering University (中国人民解放军空军工程大学), Air Force Engineering University (中国人民解放军空军工程大学), Air Force Engineering University",//DGKQ.cbpt.cnki.net,https://web02.cnki.net/kcms/detail/detail.aspx?filename=DGKQ202011013&dbcode=BQZJ&dbname=BQZSLKCJFDLAST2020&v=,"Very High (Defense & Security Affiliated Research Universities)
, Very High (1286)
, Extreme",TMS320F2812
"May 31, 2020 @ 20:00:00.000",Two Methods of Generating Phase-Shifted PWM Based on TMS320F2812,Phase-shifted PWM wave is a driving pulse signal commonly used in many switching power supplies. The bidirectional-full-bridge DC-DC converter requires four complementary phase-shifted PWM waves in the dual-phase-shift control mode. Two methods for generating phase-shifted PWM based on TMS320 F2812 DSP are presented in this paper.In order to improve the safety and reliability of the bidirectional-full-bridge DC-DC converter; dead time is set for the phase-shifted PWM wave. The proposed method is tested with good test results; which is of great significance for the construction of closed-loop control system of the bidirectional full-bridge DC-DC converter.,移相PWM波是很多开关电源常用的驱动脉冲信号。双向全桥直流变换器(Bidirectional-Full-Bridge DCDC Converter;BDC)在双重移相控制方式下时需要4组两两互补的移相PWM波。文章基于TMS320F2812型DSP(Digital Signal Processor)分析了2种生成移相PWM的方法。为提高双向全桥直流变换器工作的安全性和可靠性;为移相PWM波设置死区时间。对所提出的方法进行测试后结果良好;对于双向全桥直流变换器闭环控制系统的构建具有重要意义。,"bidirectional-full-bridge dc-dc converter, dual-phase-shift control, tms320f2812",Hao Kaimin;Jia Linsheng;Yang Wenqi;Lu Jianhua;Li Fei,"海军航空大学, 92283部队",92283部队,海军航空工程学院学报 ;Journal of Naval Aeronautical and Astronautical University ; Editorial E-mail ;2020(06),http://eng.oversea.cnki.net/Kcms/detail/detail.aspx?filename=HJHK202006010&dbcode=CJFD&dbname=CJFD2020,Extreme,TMS320F2812
"Apr 30, 2020 @ 20:00:00.000",基于深度学习的四旋翼无人机控制系统设计,Aiming at the problem that the control system of the traditional quadrotor UAV is affected by external interference and cannot avoid obstacles in time;the control accuracy is low.A design of quadrotor drone control system based on deep learning is proposed.According to the overall structure of the quadrotor drone control system;an ultrasonic ranging module is added.According to the system hardware block diagram;the TMS320 F28335 main control chip is used to achieve intelligent analysis of key situations.Take the control object of the cascade PID controller as the drone attitude angle to control the motor speed.According to the PWM signals with different duty ratios sent by the DSP;the drone’s flight attitude is changed;and the equilibrium state of the drone is ensured according to the driving principle of the actuator.Use infrared remote control system;apply encoding/decoding to control integrated circuit chip;adopt TS0 P1738 infrared receiver;suitable for infrared remote control data transmission.Construct a deep learning target control model;use the similarity principle of the burst array method and the triangle to calculate the pixel size;and obtain the distance from the obstacle to the current position of the drone;to avoid interference from external obstacles.Adaptive extended Kalman filter technology effectively reduces the measurement error of the UAV automatic control system and accurately tracks the maneuvering target.According to the system debugging results;when the turntable angle is 0°;the system controls a pitch angle of31°;a heading angle of 186°;and a roll angle of 0°;which are consistent with the actual values;which is of great significance for handling sudden group events.,针对传统四旋翼无人机控制系统受到外界干扰;无法及时躲避障碍物而导致控制精准度低的问题;提出了基于深度学习的四旋翼无人机控制系统设计根据四旋翼无人机控制系统总体结构;加入超声波测距模块依据系统硬件框图;采用TMS320F28335型号主控芯片;实现关键态势智能分析以串级PID控制器的控制对象为无人机姿态角度;控制电机转速根据DSP发出不同占空比的PWM信号;改变无人机飞行姿态;依据执行机构驱动原理;保证无人机飞行时的平衡状态使用红外遥控系统;应用编/解码操控集成电路芯片;采用TS0P1738型号红外线接收器;适合于红外线遥控数据传输构建深度学习目标控制模型;利用处突阵法与三角形相似原理;计算像素尺寸;获取障碍物距无人机当前位置距离;避免受到外界障碍物干扰自适应扩展Kalman滤波器技术对无人机自动控制系统有效减小测量误差;准确地对机动目标进行追踪由系统调试结果可知;当转台角度为0°;该系统控制的俯仰角为31°、航向角为186°、横滚角为0°与实际值一致;对处理突发性群体事件具有重要意义。,"burst method, deep learning, four-rotor uav, infrared receiver, pid controller",Li Xiao;Xu Yiming;Yang Kaikai;Yang Yu,"武警工程大学信息工程学院, School of Information gineering, Armed Police Force Engineering University",武警工程大学信息工程学院,//JZCK.cbpt.cnki.net,https://web02.cnki.net/kcms/detail/detail.aspx?filename=JZCK202005027&dbcode=BQZJ&dbname=BQZSLKCJFDLAST2020&v=,Extreme,TMS320F28335
"Jan 30, 2020 @ 19:00:00.000",Two Methods of Generating Phase-Shifted PWM Based on TMS320F2812,Phase-shifted PWM wave is a driving pulse signal commonly used in many switching power supplies. The bidirectional-full-bridge DC-DC converter requires four complementary phase-shifted PWM waves in the dual-phase-shift control mode. Two methods for generating phase-shifted PWM based on TMS320 F2812 DSP are presented in this paper.In order to improve the safety and reliability of the bidirectional-full-bridge DC-DC converter; dead time is set for the phase-shifted PWM wave. The proposed method is tested with good test results; which is of great significance for the construction of closed-loop control system of the bidirectional full-bridge DC-DC converter.,-,"bidirectional-full-bridge dc-dc converter, dual-phase-shift control, tms320f2812",LU Jianhua;YANG Wenqi;HAO Kaimin;JIA Linsheng;LI Fei,"Naval Aviation University, The 92283rd Unit of PLA","Naval Aviation University (中国人民解放军海军航空大学), The 92283rd Unit of PLA",Journal of Naval Aeronautical and Astronautical University.,https://kns.cnki.net/kcms/detail/detail.aspx?dbcode=CJFD&dbname=CJFDLAST2021&filename=HJHK202006010,"Very High (1286)
, Extreme",TMS320F2812
"Jan 30, 2020 @ 19:00:00.000",基于深度学习的四旋翼无人机控制系统设计,针对传统四旋翼无人机控制系统受到外界干扰;无法及时躲避障碍物而导致控制精准度低的问题;提出了基于深度学习的四旋翼无人机控制系统设计;根据四旋翼无人机控制系统总体结构;加入超声波测距模块;依据系统硬件框图;采用TMS320F28335型号主控芯片;实现关键态势智能分析;以串级PID控制器的控制对象为无人机姿态角度;控制电机转速;根据DSP发出不同占空比的PWM信号;改变无人机飞行姿态;依据执行机构驱动原理;保证无人机飞行时的平衡状态;使用红外遥控系统;应用编/解码操控集成电路芯片;采用TS0P1738型号红外线接收器;适合于红外线遥控数据传输;构建深度学习目标控制模型;利用处突阵法与三角形相似原理;计算像素尺寸;获取障碍物距无人机当前位置距离;避免受到外界障碍物干扰;自适应扩展Kalman滤波器技术对无人机自动控制系统有效减小测量误差;准确地对机动目标进行追踪;由系统调试结果可知;当转台角度为0°;该系统控制的俯仰角为31°、航向角为186°、横滚角为0°与实际值一致;对处理突发性群体事件具有重要意义。,-,"pid控制器, 四旋翼无人机, 处突阵法, 深度学习, 红外线接收器",李笑;杨宇;徐一鸣;杨凯凯,武警工程大学信息工程学院,武警工程大学信息工程学院,计算机测量与控制,https://kns.cnki.net/kcms/detail/detail.aspx?dbcode=CJFD&dbname=CJFDLAST2020&filename=JZCK202005027,Extreme,TMS320F28335
"Dec 9, 2019 @ 19:00:00.000",Design of portable RPV steel irradiation embrittlement detection system based on MBN,Reactor pressure vessel(RPV)operating under intense neutron irradiation for a long time will suffer radiation damage;which will affect its service life.Aiming at this problem;based on the principle of magnetic Barkhausen noise(MBN)effect;a three-dimensional simulation model of Barkhausen sensor is established.The validity of sensor structure and its optimal parameters are verified by simulation results.At the same time;a portable detection system for irradiation embrittlement of small size RPV steel is developed;which is based on the development board of TMS320F28335.Then;the repeatability and stability of the system are further verified.,反应堆压力容器(Reactor Pressure Vessel;RPV)长期工作在强中子辐照环境下;材料会受到辐照损伤;从而影响其使用寿命。针对这一问题;基于磁巴克豪森噪声(Magnetic Barkhausen Noise;MBN)效应原理;建立巴克豪森传感器的三维仿真模型;仿真结果验证了传感器结构的有效性;确定了传感器的最优参数。同时以TMS320F28335开发板为核心研制了一套针对小尺寸RPV钢辐照脆化的便携式检测系统;验证了该系统的重复性与稳定性。,"finite element simulation, magnetic barkhausen noise, portable, reactor pressure vessel",WANG Rongyao;WANG Haitao;LIU Xiangbing;JIANG Menghao;QIAN Wangjie;WANG Jiaxing;School of Automation Engineering;Nanjing University of Aeronautics and Astronautics;Suzhou Nuclear Power Research Institute(SNPI);Jiangxi Provincial Armed Police;,"南京航空航天大学自动化学院, 苏州热工研究院, 武警江西省总队","Nanjing University of Aeronautics and Astronautics (南京航空航天大学), Nanjing University of Aeronautics and Astronautics (南京航空航天大学), 武警江西省总队",-,-,"Very High (Defense & Security Affiliated Research Universities)
, Very High (1286)
, Extreme",TMS320F28335
"Sep 24, 2019 @ 20:00:00.000",Design of a Digital Voltage Regulator for Aircraft HVDC Generator,In order to solve the problem of large size;heavy weight and slow response of traditional aircraft voltage regulator;a digtal voltage regulator suitable for aircraft high voltage DC power supply system is designed. The voltage regulator adopts DSP(TMS320 F2812) as the control core. Through the design of matching hardware and software;the integration of voltage regulation and protection is realized;the volume weight of the voltage regulator is reduced;and the restarting step of the aircraft generator is simplified. Compared with traditional aircraft analog voltage regulators;it has the advantages of fast response;small error;easy ground maintenance and easy debugging.,为解决传统飞机电压调节器体积重量大、反应慢的问题;该文设计了一种适用于飞机高压直流电源系统的数字式电压调节器。该电压调节器采用DSP(TMS320F2812)作为控制核心;通过设计配套的硬件及软件;实现了调压与保护的一体化;减小了电压调节器的体积重量;简化了飞机发电机的重启步骤。与传统飞机模拟式电压调节器相比;具有响应快、误差小、易于地面维护、便于调试的优点。,"digtal voltage regulator, dsp, hardware design, pid, software design",LU Jian-hua;HAO Kai-min;ZHAO Xue-yuan;SUN Yue;ZHANG Bo;School of Basic Science for Aviation;Naval Aviation University;Nanjing Fourier Electronic Technology Co.;Ltd.;Navy Troop of 91918;,"海军航空大学航空基础学院, 南京傅里叶电子技术有限公司, 海军91918部队",海军91918部队,-,-,Extreme,TMS320F2812
"Aug 31, 2019 @ 20:00:00.000",Design of a Digital Voltage Regulator for Aircraft HVDC Generator,In order to solve the problem of large size;heavy weight and slow response of traditional aircraft voltage regulator;a digtal voltage regulator suitable for aircraft high voltage DC power supply system is designed. The voltage regulator adopts DSP(TMS320 F2812) as the control core. Through the design of matching hardware and software;the integration of voltage regulation and protection is realized;the volume weight of the voltage regulator is reduced;and the restarting step of the aircraft generator is simplified. Compared with traditional aircraft analog voltage regulators;it has the advantages of fast response;small error;easy ground maintenance and easy debugging.,为解决传统飞机电压调节器体积重量大、反应慢的问题;该文设计了一种适用于飞机高压直流电源系统的数字式电压调节器。该电压调节器采用DSP(TMS320F2812)作为控制核心;通过设计配套的硬件及软件;实现了调压与保护的一体化;减小了电压调节器的体积重量;简化了飞机发电机的重启步骤。与传统飞机模拟式电压调节器相比;具有响应快、误差小、易于地面维护、便于调试的优点。,"digtal voltage regulator, dsp, hardware design, pid, software design",Hao Kai-Min;Lu Jian-Hua;Zhao Xue-Yuan;Zhang Bo;Sun Yue,"南京傅里叶电子技术有限公司, 海军91918部队, 海军航空大学航空基础学院",海军91918部队,自动化与仪表 ;Automation & Instrumentation ; Editorial E-mail ;2019(09),https://eng.oversea.cnki.net/Kcms/detail/detail.aspx?filename=ZDHY201909021&dbcode=CJFD&dbname=CJFDTEMP,Extreme,TMS320F2812
"Aug 30, 2019 @ 20:00:00.000",雷达信号处理中大数据量FFT的实现研究,根据毫米波雷达信号处理实时性以及大宽带的需求;此次研究使用TMS320C6678多核DSP（TI公司）设计的雷达信号处理系统（DSP+FPGA）可以对大数据量进行多核FFT算法;MATLAB仿真等;同时对FFT算法的精度进行了验证;对大数据量FFT的实现过程给出了相关结论。通过对FFT算法的精度、计算量进行验证与分析有利于为雷达信号处理提供一定的依据;同时说明处理雷达信号大数据量方面多核DSP发挥了关键性作用。,-,"fft, 信号处理, 大数据量, 实现, 雷达",郭万禄,中国人民解放军92941部队,中国人民解放军92941部队,Information ＆ Communications.,https://kns.cnki.net/kcms/detail/detail.aspx?dbcode=CJFD&dbname=CJFDAUTO&filename=HBYD201908131,Extreme,TMS320C6678
"Aug 14, 2019 @ 20:00:00.000",-,-,根据毫米波雷达信号处理实时性以及大宽带的需求;此次研究使用TMS320C6678多核DSP(TI公司)设计的雷达信号处理系统(DSP+FPGA)可以对大数据量进行多核FFT算法;MATLAB仿真等;同时对FFT算法的精度进行了验证;对大数据量FFT的实现过程给出了相关结论。通过对FFT算法的精度、计算量进行验证与分析有利于为雷达信号处理提供一定的依据;同时说明处理雷达信号大数据量方面多核DSP发挥了关键性作用。,-,-,中国人民解放军92941部队,中国人民解放军92941部队,-,-,Extreme,TMS320C6678
"Jul 31, 2019 @ 20:00:00.000",雷达信号处理中大数据量FFT的实现研究,-,根据毫米波雷达信号处理实时性以及大宽带的需求;此次研究使用TMS320C6678多核DSP(TI公司)设计的雷达信号处理系统(DSP+FPGA)可以对大数据量进行多核FFT算法;MATLAB仿真等;同时对FFT算法的精度进行了验证;对大数据量FFT的实现过程给出了相关结论。通过对FFT算法的精度、计算量进行验证与分析有利于为雷达信号处理提供一定的依据;同时说明处理雷达信号大数据量方面多核DSP发挥了关键性作用。,-,-,中国人民解放军92941部队,中国人民解放军92941部队,//HBYD.cbpt.cnki.net,https://web02.cnki.net/kcms/detail/detail.aspx?filename=HBYD201908131&dbcode=BQZJ&dbname=BQZSLKCJFDLAST2019&v=,Extreme,TMS320C6678
"Jun 29, 2019 @ 20:00:00.000",Design of Electro-optical Scanning Speed Regulation System Based on Brushless DC Motor,In order to control brushless direct current（DC） motor accurately; the speed control system with the high performance digital signal processor TMS320 F28335 is designed. The hardware is designed in the system; the software is introduced and the corresponding flow chart is drawn. The structure of the system is simple; and the speed control of the brushless DC motor can be realized effectively.,-,"brushless direct current（dc） motor, speed control, tms320f28335",LU Ze-lun;WANG Qiu-yao;YI Ming,"Aviation Military Representative Office of Army Equipment Department in Tianjin Area, Academy of Opto-Electronic, China Electronic Technology Group Corporation (AOE CETC)",Aviation Military Representative Office of Army Equipment Department in Tianjin Area,Electro-Optic Technology Application.,https://kns.cnki.net/kcms/detail/detail.aspx?dbcode=CJFD&dbname=CJFDAUTO&filename=GDYG201906013,Extreme,TMS320F28335
"Jan 30, 2019 @ 19:00:00.000",一种数字式飞机高压直流发电机的电压调节器设计,为解决传统飞机电压调节器体积重量大、反应慢的问题;该文设计了一种适用于飞机高压直流电源系统的数字式电压调节器。该电压调节器采用DSP（TMS320F2812）作为控制核心;通过设计配套的硬件及软件;实现了调压与保护的一体化;减小了电压调节器的体积重量;简化了飞机发电机的重启步骤。与传统飞机模拟式电压调节器相比;具有响应快、误差小、易于地面维护、便于调试的优点。,-,"dsp, pid, 数字式电压调节器, 硬件设计, 软件设计",卢建华;赵学远;孙跃;张波;郝凯敏," 海军航空大学航空基础学院,  南京傅里叶电子技术有限公司,  海军91918部队",海军91918部队,自动化与仪表,https://kns.cnki.net/kcms/detail/detail.aspx?dbcode=CJFD&dbname=CJFDLAST2019&filename=ZDHY201909021,Extreme,TMS320F2812
"May 31, 2018 @ 20:00:00.000",Systematic design of real-time measuring and reliable transmission for body motion data,Real-time measuring of multiple motion data is the key issue for motion detection and health monitoring.This paper designs a motion capture system based on CC2530 SOC of TI;including a reliable wireless transmission protocol.It consists of multiple inertial sensors;a sink node;and PC.The sink node and sensor nodes form a star wireless networks;techniques of time-division multiple-access;loss packet detection and re-transmission are used to obtain the reliable transmission.The experimental results show our proposed system is portable;reliable and high-throughput.It can robustly acquire and transmit data from multi nodes in real-time.The system will contribute to the real-time monitoring of physiological parameters as well as motion recognition in human beings.,实时测量多点运动数据是运动识别、健康监测等的核心问题;基于德州仪器(TI)公司CC2530片上系统设计了一套运动数据采集系统;并提出一种可靠的无线传输协议。系统由多个惯性传感器节点、汇聚节点及上位机组成。汇聚节点与惯性传感器节点组成星型无线网络;并基于时分多址复用(TDMA)技术通过漏包检测及重传实现可靠传输。实验结果表明;系统具有便携、高吞吐率、传输可靠性高的特点;能够稳定实现多个节点的实时数据采集传输;从而为人体的生理参数实时监测及运动识别提供保障。,"cc2530, loss recovery, motion monitoring, multiple inertial sensors, reliable transmission, tdma",Hu Minlu;Wang Rui;Xing Yipeng;Wang Weidong;Lu Yalei,"解放军总医院医学保障部, 上海大学通信与信息工程学院","Shanghai University (上海大学), 解放军总医院医学保障部",电子测量技术 ;Electronic Measurement Technology ; Editorial E-mail ;2018(06),http://eng.oversea.cnki.net/Kcms/detail/detail.aspx?filename=DZCL201806021&dbcode=CJFD&dbname=DKFX2018,"Very High (Defense & Security Affiliated Research Universities)
, Extreme",CC2530
"May 31, 2018 @ 20:00:00.000",人体运动数据的实时采集及可靠传输系统设计,Real-time measuring of multiple motion data is the key issue for motion detection and health monitoring.This paper designs a motion capture system based on CC2530 SOC of TI;including a reliable wireless transmission protocol.It consists of multiple inertial sensors;a sink node;and PC.The sink node and sensor nodes form a star wireless networks;techniques of time-division multiple-access;loss packet detection and re-transmission are used to obtain the reliable transmission.The experimental results show our proposed system is portable;reliable and high-throughput.It can robustly acquire and transmit data from multi nodes in real-time.The system will contribute to the real-time monitoring of physiological parameters as well as motion recognition in human beings.,实时测量多点运动数据是运动识别、健康监测等的核心问题;基于德州仪器(TI)公司CC2530片上系统设计了一套运动数据采集系统;并提出一种可靠的无线传输协议。系统由多个惯性传感器节点、汇聚节点及上位机组成。汇聚节点与惯性传感器节点组成星型无线网络;并基于时分多址复用(TDMA)技术通过漏包检测及重传实现可靠传输。实验结果表明;系统具有便携、高吞吐率、传输可靠性高的特点;能够稳定实现多个节点的实时数据采集传输;从而为人体的生理参数实时监测及运动识别提供保障。,"cc2530, loss recovery, motion monitoring, multiple inertial sensors, reliable transmission, tdma",Hu Minlu;Wang Rui;Xing Yipeng;Wang Weidong;Lu Yalei,"School of Communication and Information Engineering, 解放军总医院医学保障部, 上海大学通信与信息工程学院, Shanghai University, Department of Biomedical Engineering, Chinese PLA General Hospital","Shanghai University (上海大学), 解放军总医院医学保障部, Chinese PLA General Hospital",//DZCL.cbpt.cnki.net,https://web02.cnki.net/kcms/detail/detail.aspx?filename=DZCL201806021&dbcode=BQZJ&dbname=BQZSLKCJFDLAST2018&v=,"Very High (Defense & Security Affiliated Research Universities)
, Extreme, Extreme",CC2530
"Mar 31, 2018 @ 20:00:00.000",Design and implementation of infusion monitoring system based on improved capacitance detection method,Objective To design a high-performance; reliable and practical wireless infusion monitoring system to realize automated infusion monitoring. Methods The system was composed of an infusion monitor; an intelligent gateway and a host computer; which used AD7746 chip to monitor the electric capacity; I2 C serial bus for capacity-related data readback;CC2530 SCM for difference calculation and infusion state determination; and Zig Bee technology to execute wireless data transmission at real time. Results The system carried out multi-node monitoring on volume and velocity at real time; and the acquired data were accurate and reliable. Conclusion The system gains advantages over the traditional ways in practicability and reliability when used for infusion monitoring.,目的 :设计一种高性能、可靠、实用的无线输液监测系统;以满足目前输液监护对自动化的迫切需求。方法 :该系统由输液监测仪、智能网关、上位机3个部分组成。采用AD7746芯片监测电容;利用I2C串行总线实现电容数据的回读;采用CC2530单片机对电容数据进行差分计算并判别当前输液状态;利用Zig Bee技术实现数据的无线实时传输。结果:该系统可对多个输液节点的输液量及输液速度进行实时监测;且采集的数据准确可靠。结论:该设计有效克服了原有监测方法的弊端;大大提高了监测的实用性和可靠性;为输液监测提供了一种更加行之有效的方法。,"ad7746 chip, capacitance method, cc2530 scm, infusion monitoring, zigbee technology",Wang Wei-Dong;Hu Min-Lu;Wang Guo-Jing;Xing Yi-Peng;Wang Jing,解放军总医院,解放军总医院,医疗卫生装备 ;Chinese Medical Equipment Journal ; Editorial E-mail ;2018(04),http://eng.oversea.cnki.net/Kcms/detail/detail.aspx?filename=YNWS201804010&dbcode=CJFD&dbname=CJFD2018,Extreme,CC2530
"Feb 28, 2018 @ 19:00:00.000",基于DSP28335+IR2110芯片的移相全桥驱动电路设计,In order to solve the problem of phase-shifted full-bridge circuit driving and phase angle control;a digitally controlled phaseshifted full-bridge driving circuit was designed. TPL521 optocoupler isolation;IR2110 gate driver chip. PWM signals are generated by the DSP and sent to the IR2110 for phase angle control after optocoupler isolation and logic circuits. This text carries on the analysis to the principle of IR2110 drive circuit and parameter design;set up and give out some code to TMS320F28335. The experimental results show that the PWM waveforms with different phase angles generated by TMS320F28335 can meet the requirements of phase-shifted full-bridge control for different phase angles.,为解决移相全桥电路驱动及相角控制问题;设计了一种数字控制的移相全桥驱动电路.以TPL521为光耦隔离、IR2110为栅极驱动芯片.由DSP产生PWM信号;经过光耦隔离和逻辑电路后送至IR2110进行相角控制.文章对IR2110驱动电路原理进行分析及参数进行设计;对TMS320F28335进行设置并给出部分代码.实验结果表明:通过TMS320F28335可产生的不同相角的PWM波形;满足了移相全桥对不同相角控制的要求.,"ir2110, phase angle control, phase-shifted full-bridge, tms320f28335",QI Chengchao;LIU Xin;HE Genhua,"空军预警学院信息对抗系, Air Force Early Warning Academy, Department of Information Countermeasure","Air Force Early Warning Academy (中国人民解放军空军预警学院), Air Force Early Warning Academy",//HZDB.cbpt.cnki.net,https://web02.cnki.net/kcms/detail/detail.aspx?filename=HZDB201803013&dbcode=BQZJ&dbname=BQZSLKCJFDLAST2018&v=,"Very High (1286)
, Extreme",TMS320F28335
"Jan 30, 2018 @ 19:00:00.000",Systematic design of real-time measuring and reliable transmission for body motion data,Real-time measuring of multiple motion data is the key issue for motion detection and health monitoring.This paper designs a motion capture system based on CC2530 SOC of TI;including a reliable wireless transmission protocol.It consists of multiple inertial sensors;a sink node;and PC.The sink node and sensor nodes form a star wireless networks;techniques of time-division multiple-access;loss packet detection and re-transmission are used to obtain the reliable transmission.The experimental results show our proposed system is portable;reliable and high-throughput.It can robustly acquire and transmit data from multi nodes in real-time.The system will contribute to the real-time monitoring of physiological parameters as well as motion recognition in human beings.,-,"cc2530, loss recovery, motion monitoring, multiple inertial sensors, reliable transmission, tdma",Hu Minlu;Wang Rui;Xing Yipeng;Wang Weidong;Lu Yalei,"School of Communication and Information Engineering,Shanghai University, Department of Biomedical Engineering,Chinese PLA General Hospital","Shanghai University (上海大学), Chinese PLA General Hospital",Electronic Measurement Technology.,https://kns.cnki.net/kcms/detail/detail.aspx?dbcode=CJFD&dbname=CJFDLAST2018&filename=DZCL201806021,"Very High (Defense & Security Affiliated Research Universities)
, Extreme",CC2530
"Jan 30, 2018 @ 19:00:00.000",Autofocus System for Aerial Cameras Based on TMS320F2812,The autofocus system was designed to achieve both stable and clear images in aerial cameras. The system design has taken TMS320 F2812 as the core chip of control system and the modules of serial communication interface; step motor; step motor driver; digital thermometer and digital pressure sensor included.Experimental results show that the maximum theoretical error of the autofocus system is 0.017 mmwith 0.015 mm for actual maximum error.This data of focusing error can satisfy requirement for focusing system in aerial cameras.,-,"aerial cameras, autofocus, dsp, tms320f2812",CHEN Zhi-chao;FANG Xin;LI Bao-lin,"Changchun Institute of Optics, Fine Mechanics and Physics,Chinese Academy of Sciences, Air Force Staff of the People’s Liberation Army, Navy Stationed in Changchun Regional Aviation Military Representative Office","Air Force Staff of the People’s Liberation Army, Navy Stationed in Changchun Regional Aviation Military Representative Office",Digital Technology and Application.,https://kns.cnki.net/kcms/detail/detail.aspx?dbcode=CJFD&dbname=CJFDLAST2018&filename=SZJT201803046,"Extreme, Extreme",TMS320F2812
"Jan 30, 2018 @ 19:00:00.000",基于Android和WiFi的冲击波测试系统设计,针对目前引线电测法和存储测试法等冲击波测试方法中准备工作繁琐、可移动性差等缺点;文中提出一种基于Android和WiFi冲击波测试系统方案。系统用Android智能手机作为冲击波数据波形的显示、处理工具和记录仪控制终端;将CC3200芯片（TI）嵌入到存储记录仪作为WiFi热点。智能手机连接热点;通过Socket机制的UDP协议远程控制记录仪和读取记录仪中的数据;最终利用手机计算、处理和分析冲击波数据。通过多次试验表明;Android智能手机等可以在高达110 m范围内准确控制记录仪且能高速读取数据;系统运行稳定。该系统大大减少了测试前期准备工作;方便快捷、实用性较强。,-,"android操作系统, cc3200芯片, socket套接字, wifi无线通信, 冲击波记录仪, 远程控制",梁志剑;任小军;尤文斌;牛跃听," 中北大学计算机与控制工程学院,  中北大学电子测试技术重点实验室,  解放军军械工程学院","North University of China (中北大学), North University of China (中北大学), 解放军军械工程学院",北大核心;弹箭与制导学报,https://kns.cnki.net/kcms/detail/detail.aspx?dbcode= CJFD&dbname=CJFDLAST2019&filename=DJZD201801037,"Very High (Defense & Security Affiliated Research Universities)
, Very High (1286)
, Extreme",CC3200
"Jan 30, 2018 @ 19:00:00.000",基于AD8232和CC2530的无线心电监护仪的设计和实现,基于心电模拟前端AD8232芯片和Zigbee片上系统解决方案CC2530单片机;该文实现了无线心电监护仪;以实现对心电模拟信号的采集、处理和无线发送;并实现了实时心率的计算和无线传输。该无线心电监护仪具有低功耗;小体积;操作简单等特点。实验结果显示它能够获取较好心电波形数据并实时显示心率数据。,-,"ad8232, zigbee, 心率计算, 心电监护",王卫东;余雷;王国静," 中国人民解放军总医院生物医学工程研究室,  北京邮电大学信息与通信工程学院","Beijing University of Posts and Telecommunications (BUPT) (北京邮电大学), Beijing University of Posts and Telecommunications (北京邮电大学), 中国人民解放军总医院生物医学工程研究室",中国医疗器械杂志,https://kns.cnki.net//kcms/detail/detail.aspx?filename=ZYLZ201801005&dbcode=CJFD&dbname=CJFD2018&v=-_3U4MpWv34QoagHlifQJgBz8P3lqYU1Uc8CpcbVcZ8BwOVVmcrQJBN03zFY_Bj-,"Very High (Defense & Security Affiliated Research Universities)
, Very High (1286)
, Extreme",CC2530
"Jan 30, 2018 @ 19:00:00.000",Design of Phase-Shifted Full Bridge Drive Circuit Based on DSP28335+IR2110,In order to solve the problem of phase-shifted full-bridge circuit driving and phase angle control;a digitally controlled phaseshifted full-bridge driving circuit was designed. TPL521 optocoupler isolation;IR2110 gate driver chip. PWM signals are generated by the DSP and sent to the IR2110 for phase angle control after optocoupler isolation and logic circuits. This text carries on the analysis to the principle of IR2110 drive circuit and parameter design;set up and give out some code to TMS320F28335. The experimental results show that the PWM waveforms with different phase angles generated by TMS320F28335 can meet the requirements of phase-shifted full-bridge control for different phase angles.,-,"ir2110, phase angle control, phase-shifted full-bridge, tms320f28335",QI Chengchao;LIU Xin;HE Genhua,"Department of Information Countermeasure,Air Force Early Warning Academy","Air Force Early Warning Academy (中国人民解放军空军预警学院), Air Force Early Warning Academy",Journal of Huizhou University.,https://kns.cnki.net/kcms/detail/detail.aspx?dbcode=CJFD&dbname=CJFDLAST2018&filename=HZDB201803013,"Very High (1286)
, Extreme",TMS320F28335
"Dec 31, 2017 @ 19:00:00.000",Design and Implementation of the Wireless ECG Monitor Based on AD8232 and CC2530,Based on the heart rate monitor front end AD8232 chips and Zigbee system solutions CC2530 single chip; the wireless ECG monitor has been realized in order to implement the acquisition; processing and wireless transmission of electrocardiogram signal. Meanwhile; the real-time heart rate has been calculated and wirelessly transmitted. The wireless ECG monitor is characterized by low power consumption; small size and simple operation. It can be seen from the experimental results that the wireless ECG monitor designed in this paper can successfully obtain favorable ECG data and real-time heart rate data and display it.【 Abstract 】,基于心电模拟前端AD8232芯片和Zigbee片上系统解决方案CC2530单片机;该文实现了无线心电监护仪;以实现对心电模拟信号的采集、处理和无线发送;并实现了实时心率的计算和无线传输。该无线心电监护仪具有低功耗;小体积;操作简单等特点。实验结果显示它能够获取较好心电波形数据并实时显示心率数据。,"ad8232, ecg monitoring, heart rate calculation, zigbee",Yu Lei;Wang Guojing;Wang Weidong,"北京邮电大学信息与通信工程学院, 中国人民解放军总医院生物医学工程研究室","Beijing University of Posts and Telecommunications (BUPT) (北京邮电大学), Beijing University of Posts and Telecommunications (北京邮电大学), 中国人民解放军总医院生物医学工程研究室",中国医疗器械杂志 ;Chinese Journal of Medical Instrumentation ; Editorial E-mail ;2018(01),https://eng.oversea.cnki.net/Kcms/detail/detail.aspx?filename=ZYLZ201801005&dbcode=CJFD&dbname=CJFD2018,"Very High (Defense & Security Affiliated Research Universities)
, Very High (1286)
, Extreme",CC2530
"Dec 31, 2017 @ 19:00:00.000",Design of Shock Wave Test System Based on Android and WiFi,Aiming at the shortcomings that the preparatory work was tedious and the mobility was poor in the current shock wave testing methods such as lead electrical measurement method and storage test method; in this paper; a shock wave testing system scheme was proposed based on Android and WiFi. The system uses Android smart phone as the display; processing tool and recorder control terminal of shock wave data waveforms; and the CC3200 chip(TI) is embedded into the memory recorder as WiFi hot spot. The smart phone connects the hot spot; then remotely controls the recorder and reads the data in the recorder through the UDP protocol of Socket mechanism; finally the phone is used to calculate; process and analyze the shock wave data. Multiple tests show that the Android smart phone can accurately control the recorder and read data at high speed in the range of up to 110 m; and the system runs steadily. The system greatly reduces the preparatory work of the test; and it is convenient; fast and strongly practical.,针对目前引线电测法和存储测试法等冲击波测试方法中准备工作繁琐、可移动性差等缺点;文中提出一种基于Android和WiFi冲击波测试系统方案。系统用Android智能手机作为冲击波数据波形的显示、处理工具和记录仪控制终端将CC3200芯片(TI)嵌入到存储记录仪作为WiFi热点。智能手机连接热点;通过Socket机制的UDP协议远程控制记录仪和读取记录仪中的数据;最终利用手机计算、处理和分析冲击波数据。通过多次试验表明;Android智能手机等可以在高达110 m范围内准确控制记录仪且能高速读取数据;系统运行稳定。该系统大大减少了测试前期准备工作;方便快捷、实用性较强。,"android operating system, cc3200 chip, remote control, shock wave recorder, socket, wifi wireless communication",Liang Zhijian;Ren Xiaojun;You Wenbin;Niu Yueting,"中北大学计算机与控制工程学院, 中北大学电子测试技术重点实验室, 解放军军械工程学院","North University of China (中北大学), North University of China (中北大学), 解放军军械工程学院",弹箭与制导学报 ;Journal of Projectiles;Rockets;Missiles and Guidance ; Editorial E-mail ;2018(01),http://eng.oversea.cnki.net/Kcms/detail/detail.aspx?filename=DJZD201801037&dbcode=CJFD&dbname=CJFD2018,"Very High (Defense & Security Affiliated Research Universities)
, Very High (1286)
, Extreme",CC3200
"Dec 31, 2017 @ 19:00:00.000",基于Android和WiFi的冲击波测试系统设计,Aiming at the shortcomings that the preparatory work was tedious and the mobility was poor in the current shock wave testing methods such as lead electrical measurement method and storage test method; in this paper; a shock wave testing system scheme was proposed based on Android and WiFi. The system uses Android smart phone as the display; processing tool and recorder control terminal of shock wave data waveforms; and the CC3200 chip(TI) is embedded into the memory recorder as WiFi hot spot. The smart phone connects the hot spot; then remotely controls the recorder and reads the data in the recorder through the UDP protocol of Socket mechanism; finally the phone is used to calculate; process and analyze the shock wave data. Multiple tests show that the Android smart phone can accurately control the recorder and read data at high speed in the range of up to 110 m; and the system runs steadily. The system greatly reduces the preparatory work of the test; and it is convenient; fast and strongly practical.,针对目前引线电测法和存储测试法等冲击波测试方法中准备工作繁琐、可移动性差等缺点;文中提出一种基于Android和WiFi冲击波测试系统方案。系统用Android智能手机作为冲击波数据波形的显示、处理工具和记录仪控制终端将CC3200芯片(TI)嵌入到存储记录仪作为WiFi热点。智能手机连接热点;通过Socket机制的UDP协议远程控制记录仪和读取记录仪中的数据;最终利用手机计算、处理和分析冲击波数据。通过多次试验表明;Android智能手机等可以在高达110 m范围内准确控制记录仪且能高速读取数据;系统运行稳定。该系统大大减少了测试前期准备工作;方便快捷、实用性较强。,"android operating system, cc3200 chip, remote control, shock wave recorder, socket, wifi wireless communication",REN Xiaojun;NIU Yueting;LIANG Zhijian;YOU Wenbin,"中北大学计算机与控制工程学院, Ordnance Engineering College of PLA, 中北大学电子测试技术重点实验室, 解放军军械工程学院, Science and Technology on Electric Test and Measurement Laboratory, School of Computer and Control Engineering, North University of China","North University of China (中北大学), North University of China (中北大学), Ordnance Engineering College of PLA, 解放军军械工程学院",//DJZD.cbpt.cnki.net,https://web02.cnki.net/kcms/detail/detail.aspx?filename=DJZD201801037&dbcode=BQZJ&dbname=BQZSLKCJFDLAST2019&v=,"Very High (Defense & Security Affiliated Research Universities)
, Very High (1286)
, Extreme, Extreme",CC3200
"Apr 30, 2017 @ 20:00:00.000",基于TMS320C6678的SRIO接口设计,An SRIO interface design based on the TMC320C6678 is proposed for real-time high speed transmission of large number of data between chips. The design of data transmission with arbitrary length is implemented by configuring rich interfaces on DSP without stopping running SRIO. Practical engineering verifies that real-time;efficient;and flexible transmission is implemented between the DSP and FPGA.,针对如何在DSP+FPGA架构的信号处理平台实现片间大量数据实时、高速传输的问题;文中提出了基于TMC320C6678的SRIO(Serial Rapid IO)接口设计。通过在DSP上配置丰富的SRIO参数接口;在无需停止SRIO的情况下;实现DSP与FPGA间任意长度、大小的数据传输。通过实际工程验证;该设计有效实现了DSP与FPGA片间大量数据实时、高效、灵活的传输。,"fpga, srio, tms320c6678",DIAO Dandan;WANG Xiaodong,"Department of Missile, 中国人民解放军防空兵学院导弹系, Department of Measurement and Control Radar, 27th Research Institute of CETC, 中国电子科技集团公司第27研究所测控雷达部, Air Defense Forces College of China PLA","中国人民解放军防空兵学院导弹系, Air Defense Forces College of China PLA",//DZKK.cbpt.cnki.net,https://web02.cnki.net/kcms/detail/detail.aspx?filename=DZKK201705031&dbcode=BQZJ&dbname=BQZSLKCJFDLAST2017&v=,"Extreme, Extreme",TMS320C6678
"Apr 30, 2017 @ 20:00:00.000",基于DSP和FPGA的导航系统硬件平台设计,The navigation computer is designed for initial alignment and navigation computing in strap-down inertial navigation system（SINS）.It is the key part of system;and it is made up of chips with high performance and accuracy.By using DSP and FPGA technology;the circuit of navigation computer is designed.Through sequence control and program design;the problems of DSP boot-loading;communication;pulse signal counting and navigation computing are solved.According to long-time experimental test;the result shows that the computing error is less than e-10 and speed error is less than±0.5m/s.The maximum radial error is 0.490 8nm.And the navigation accuracy is 0.5nm in 24 hours.The circuit suits the demand of real-time and accuracy for navigation computing.Therefore it is important to navigation system.,导航计算机是捷联惯性导航系统中的核心部件;主要完成初始对准和导航计算;通常由高性能、高精度的计算芯片构成。基于DSP和FPGA技术;设计应用于导航系统的导航计算机;通过时序控制和程序设计;解决了DSP芯片的自举引导、芯片之间通信、脉冲信号计数和导航计算等问题。通过长航时导航实验测量;电路能够长时间稳定工作;测量的陀螺计数误差小于e-10;导航实验速度误差小于±0.5m/s;最大的导航径向误差0.490 8nm;在24h内的导航精度达到0.5nm。平台能够提供精确快速的测量和计算数据;为惯性导航系统发挥重要作用。,"mathematics platform, pulse signal counting, sins, tms320c6713, xc3s400an",Liao Dan,"武警工程大学装备工程学院, Engineering University of CAPF, College of Equipment Engineering",武警工程大学装备工程学院,//DZCL.cbpt.cnki.net,https://web02.cnki.net/kcms/detail/detail.aspx?filename=DZCL201705042&dbcode=BQZJ&dbname=BQZSLKCJFDLAST2017&v=,Extreme,TMS320C6713
"Jan 31, 2017 @ 19:00:00.000",基于DSP和FPGA技术的导航计算机设计与实现,-,为提高导航计算机的精度和处理速度;降低导航计算机的功耗和体积;采用DSP+FPGA的小型化设计捷联惯导计算机平台。FPGA完成传感器信号采集;实现对传感器信号的数字滤波和外围接口电路逻辑;同时实现导航计算机控制逻辑。采用高性能TMS320C6713为核心处理器完成姿态信息解算和温度信号采集和解算。经过调试验证本设计满足技术指标要求;且实现技术先进;具有广泛的应用前景。,-,-,"中国人民解放军第五七二〇工厂, 中航工业西安航空计算技术研究所",中国人民解放军第五七二〇工厂,电脑知识与技术 ;Computer Knowledge and Technology ; Editorial E-mail ;2017(02),http://eng.oversea.cnki.net/Kcms/detail/detail.aspx?filename=DNZS201702092&dbcode=CJFD&dbname=CJFD2017,Extreme,TMS320C6713
"Jan 31, 2017 @ 19:00:00.000",基于DSP和FPGA技术的导航计算机设计与实现,-,为提高导航计算机的精度和处理速度;降低导航计算机的功耗和体积;采用DSP+FPGA的小型化设计捷联惯导计算机平台。FPGA完成传感器信号采集;实现对传感器信号的数字滤波和外围接口电路逻辑;同时实现导航计算机控制逻辑。采用高性能TMS320C6713为核心处理器完成姿态信息解算和温度信号采集和解算。经过调试验证本设计满足技术指标要求;且实现技术先进;具有广泛的应用前景。,-,-,"中国人民解放军第五七二〇工厂, 中航工业西安航空计算技术研究所",中国人民解放军第五七二〇工厂,//DNZS.cbpt.cnki.net,https://web02.cnki.net/kcms/detail/detail.aspx?filename=DNZS201702092&dbcode=BQZJ&dbname=BQZSLKCJFDLAST2017&v=,Extreme,TMS320C6713
"Jan 30, 2017 @ 19:00:00.000",双位移随机脉冲位置调制技术在DC-DC变换器中的应用,为了解决常规的脉冲宽度调制（pulse width modulation;PWM）技术由于开关的高速动作导致严重的电磁干扰问题;对双位移随机脉冲调制（dual randomized pulse position modulation;DRPPM）技术在DC-DC变换器中进行应用。该方法保持采样周期不变;在传统随机位移调制的基础上;增加1个独立的位移变量;由于2个随机变量同时作用;使得随机效果更加明显;通过Matlab仿真验证该方法的可行性和正确性;并在TMS320F28335的DSP上进行实验验证。仿真和实验结果表明:该方法可以有效减小DC-DC变换器在开关频率处的谐波峰值;使得输出电压谐波成分更加均匀地分布在较宽的频带范围内;从而减小系统的电磁干扰。,-,"双位移, 电力电子, 电磁干扰, 谐波, 随机脉冲位置",朱磊;杨蕾;程帅;杨小龙,中国人民解放军63981部队,中国人民解放军63981部队,兵工自动化,https://kns.cnki.net/kcms/detail/detail.aspx?dbcode=CJFD&dbname=CJFDLAST2017&filename=BGZD201701012,Extreme,TMS320F28335
"Jan 30, 2017 @ 19:00:00.000",基于DSP和FPGA技术的导航计算机设计与实现,为提高导航计算机的精度和处理速度;降低导航计算机的功耗和体积;采用DSP+FPGA的小型化设计捷联惯导计算机平台。FPGA完成传感器信号采集;实现对传感器信号的数字滤波和外围接口电路逻辑;同时实现导航计算机控制逻辑。采用高性能TMS320C6713为核心处理器完成姿态信息解算和温度信号采集和解算。经过调试验证本设计满足技术指标要求;且实现技术先进;具有广泛的应用前景。,-,"fpga, imu, tms320c6713b",刘陶;缑丽敏;刘良勇,中航工业西安航空计算技术研究所中国人民解放军第五七二〇工厂,中航工业西安航空计算技术研究所中国人民解放军第五七二〇工厂,Computer Knowledge and Technology.,https://kns.cnki.net/kcms/detail/detail.aspx?dbcode=CJFD&dbname=CJFDLAST2017&filename=DNZS201702092,Extreme,TMS320C6713
"Jan 30, 2017 @ 19:00:00.000",基于DSP和FPGA的导航系统硬件平台设计,导航计算机是捷联惯性导航系统中的核心部件;主要完成初始对准和导航计算;通常由高性能、高精度的计算芯片构成。基于DSP和FPGA技术;设计应用于导航系统的导航计算机;通过时序控制和程序设计;解决了DSP芯片的自举引导、芯片之间通信、脉冲信号计数和导航计算等问题。通过长航时导航实验测量;电路能够长时间稳定工作;测量的陀螺计数误差小于e,-,"tms320c6713, xc3s400an, 捷联惯性导航系统, 数学平台, 脉冲信号计数",廖丹,武警工程大学装备工程学院,武警工程大学装备工程学院,电子测量技术,https://kns.cnki.net//kcms/detail/detail.aspx?filename=DZCL201705042&dbcode=CJFD&dbname=CJFD2017&v=Z-59dZ4bqgGJeQimBm5JI1P5nza0lUTvtrQk-eyyeHBgQsKMGl7rUi8a2Cb7i8eu,Extreme,TMS320C6713
"Jan 30, 2017 @ 19:00:00.000",基于TMS320C6678的SRIO接口设计,针对如何在DSP+FPGA架构的信号处理平台实现片间大量数据实时、高速传输的问题;文中提出了基于TMC320C6678的SRIO（Serial Rapid IO）接口设计。通过在DSP上配置丰富的SRIO参数接口;在无需停止SRIO的情况下;实现DSP与FPGA间任意长度、大小的数据传输。通过实际工程验证;该设计有效实现了DSP与FPGA片间大量数据实时、高效、灵活的传输。,-,"fpga, srio, tms320c6678",王晓东;刁丹丹," 中国电子科技集团公司第27研究所测控雷达部,  中国人民解放军防空兵学院导弹系",中国人民解放军防空兵学院导弹系,电子科技,https://kns.cnki.net//kcms/detail/detail.aspx?filename=DZKK201705031&dbcode=CJFD&dbname=CJFD2017&v=VwsCm8kbLNZUcZ5YZdbWvpzgck7-gj1DNU3_0KLAUWuqKh2WNZUXkhq1vi2BLcsT,Extreme,TMS320C6678
"Jan 30, 2017 @ 19:00:00.000",基于DSP和FPGA技术的导航计算机设计与实现,为提高导航计算机的精度和处理速度;降低导航计算机的功耗和体积;采用DSP+FPGA的小型化设计捷联惯导计算机平台。FPGA完成传感器信号采集;实现对传感器信号的数字滤波和外围接口电路逻辑;同时实现导航计算机控制逻辑。采用高性能TMS320C6713为核心处理器完成姿态信息解算和温度信号采集和解算。经过调试验证本设计满足技术指标要求;且实现技术先进;具有广泛的应用前景。,-,"fpga, imu, tms320c6713b",刘陶;缑丽敏;刘良勇," 中航工业西安航空计算技术研究所,  中国人民解放军第五七二〇工厂",中国人民解放军第五七二〇工厂,电脑知识与技术,https://kns.cnki.net//kcms/detail/detail.aspx?filename=DNZS201702092&dbcode=CJFD&dbname=CJFD2017&v=40PCe4v3yxqeezPT3lx8oJdtUTThuC27NuzIIg9WEa8QbAVTWLt42BYGLZjXB6rT,Extreme,TMS320C6713
"Jan 30, 2017 @ 19:00:00.000",Application of Dual Randomized Pulse Position Modulation in DC-DC Converters,The conventional PWM（pulse width modulation） technology will cause the serious electromagnetic interference because of the high speed switching. Use DRPPM（dual randomized pulse position modulation） technology in DC-DC converter. The method can maintain the same sampling period; based on traditional randomized displacement modulation; add 1 independence displacement variable; because 2 random variables are used at the same time; the random effect is more obviously. Use Matlab simulation to verify the feasibility and correctness of method and carry out test verification in DSP of TMS320F28335. The simulation and test results show that the method can effectively reduce harmonic peak in switch frequency; make output voltage harmonic composition distribution more uniform in wider frequency band range and reduce system electromagnetic interference.,-,"dual displacement, electromagnetic interference, harmonic, power electronics, randomized pulse position",Yang Xiaolong;Cheng Shuai;Zhu Lei;Yang Lei,No.63981 Unit of PLA,No.63981 Unit of PLA,Ordnance Industry Automation.,https://kns.cnki.net/kcms/detail/detail.aspx?dbcode=CJFD&dbname=CJFDLAST2017&filename=BGZD201701012,Extreme,TMS320F28335
"Dec 31, 2016 @ 19:00:00.000",Application of Dual Randomized Pulse Position Modulation in DC-DC Converters,The conventional PWM(pulse width modulation) technology will cause the serious electromagnetic interference because of the high speed switching. Use DRPPM(dual randomized pulse position modulation) technology in DC-DC converter. The method can maintain the same sampling period; based on traditional randomized displacement modulation; add 1 independence displacement variable; because 2 random variables are used at the same time; the random effect is more obviously. Use Matlab simulation to verify the feasibility and correctness of method and carry out test verification in DSP of TMS320F28335. The simulation and test results show that the method can effectively reduce harmonic peak in switch frequency; make output voltage harmonic composition distribution more uniform in wider frequency band range and reduce system electromagnetic interference.,为了解决常规的脉冲宽度调制(pulse width modulation;PWM)技术由于开关的高速动作导致严重的电磁干扰问题;对双位移随机脉冲调制(dual randomized pulse position modulation;DRPPM)技术在DC-DC变换器中进行应用。该方法保持采样周期不变;在传统随机位移调制的基础上;增加1个独立的位移变量;由于2个随机变量同时作用;使得随机效果更加明显;通过Matlab仿真验证该方法的可行性和正确性;并在TMS320F28335的DSP上进行实验验证。仿真和实验结果表明:该方法可以有效减小DC-DC变换器在开关频率处的谐波峰值;使得输出电压谐波成分更加均匀地分布在较宽的频带范围内;从而减小系统的电磁干扰。,"dual displacement, electromagnetic interference, harmonic, power electronics, randomized pulse position",Yang Xiaolong;Yang Lei;Zhu Lei;Cheng Shuai,中国人民解放军63981部队,中国人民解放军63981部队,兵工自动化 ;Ordnance Industry Automation ; Editorial E-mail ;2017(01),http://eng.oversea.cnki.net/Kcms/detail/detail.aspx?filename=BGZD201701012&dbcode=CJFD&dbname=CJFD2017,Extreme,TMS320F28335
"Nov 30, 2016 @ 19:00:00.000",基于ZigBee技术的便携式监控系统,-,针对一些来不及搭建、不值得搭建或者根本无法搭建固定监控系统的区域;应用ZigBee技术设计了便携式监控系统。系统包括ZigBee监控节点、网关和PC机界面三部分。ZigBee监控节点由运行TI官方协议栈的CC2530单片机及若干传感器组成;组网方便、快捷;标准统一。网关可独立控制监控网络;使系统应用范围更加广阔。PC机界面可以接收数据并控制系统;体现了物联网的理念。系统实现了ZigBee无线监控网络对环境变量和人员动态的采集;完成了便携式监控系统的要求。,-,-,91917部队,91917部队,//TXSJ.cbpt.cnki.net,https://web02.cnki.net/kcms/detail/detail.aspx?filename=TXSJ201615180&dbcode=BQZJ&dbname=BQZSLKCJFDLAST2016&v=,Extreme,CC2530
"Aug 31, 2016 @ 20:00:00.000",一种基于CAN总线的电机测试数据通信系统设计,Aiming at the problem of the normal testing and running of motor control system was affected by monitoring the multi-channel internal operation datum of system; a new scheme was put forward; where main controller of PWM induction motor control system TMS320F28069 and auxiliary controller TMS320F2812 were cooperated. The hardware and software of communication system of tested datum on CAN bus were designed by e CAN modules of main and auxiliary controllers. The waveforms of multi-channel variables were monitored and shown in real time with graph function of TI integrated design tools CCS3. 3. The experimental results indicate that the communication system of tested datum peculiarity such as strong anti-interference ability;good real-time;high accuracy;simpleness;reliability;no effect to main control program;and so on.,为解决电机控制系统运行参数的多通道实时监测可能影响系统正常调试和运行的问题;提出了异步电机PWM控制系统主控制器TMS320F28069与副控制器TMS320F2812配合使用的新方案;设计了一种通过主、副控制器的e CAN模块实现的基于CAN总线的电机测试数据通信系统的硬件和软件;并采用TI公司自带图形显示功能的CCS3.3集成开发工具;实时监测显示多通道变量波形。实验结果表明;该测试数据通信系统具有抗干扰能力强、实时性好、准确性高、简单可靠;且对主控制程序执行无影响等特点。,"can bus, communication system, test data",ZHAO Jin-yuan;WANG Ting-ting;MA Jun-hua,"College of Electrical Engineering, Military Affairs Office of Navy in Hangzhou Area, 海军驻杭州地区军事代表室, 浙江大学电气工程学院, Zhejiang University","Zhejiang University (浙江大学), Military Affairs Office of Navy in Hangzhou Area",//JDGC.cbpt.cnki.net,https://web02.cnki.net/kcms/detail/detail.aspx?filename=JDGC201609023&dbcode=BQZJ&dbname=BQZSLKCJFDLAST2016&v=,"Very High (Defense & Security Affiliated Research Universities)
, Extreme",TMS320F28069; TMS320F2812
"Apr 30, 2016 @ 20:00:00.000",低功耗网络环境下通用应用层安全协议的设计,This paper introduces a lightweight application layer security protocol called u ALS to address the security issue in the low power network environment. The implementation of u ALS is based on open SSL;and tested on BCM2836 and CC2530 which uses Contiki as its operating system. In addition;we compare u ALS with TLS / SSL by executing one experiment;and the evaluation result shows that u ALS has smaller code size;shorter time for handshaking and less resource consumption than TLS / SSL.,针对低功耗网络环境下的应用层安全问题;提出了一种通用型应用层安全协议u ALS。该协议的实现是基于open SSL开源库;并以BCM2836和运行Contiki系统的CC2530嵌入式硬件作为测试环境。通过实验将u ALS和TLS/SSL协议进行对比;表明了u ALS协议在低功耗网络环境下具有更小的代码体量、更短的握手时间以及更低的资源消耗。,"application layer security protocol, embedded contiki system, low power network environment",ZHANG Dong;SHI Yingchun;WANG Le,"Department of Communication Engineering, 西安电子科技大学通信工程学院, 中国电子科技集团公司第20研究所通信部, Xidian University, 国防信息学院通信工程系, PLA Academy of National Defense Information, Ministry of Communications, 20th Research Institute of China Electronics Technology Group Corporation, School of Communications Engineering","Xidian University (西安电子科技大学), Xidian University (西安电子科技大学), University of Electronic Science and Technology of China (UESTC) (电子科技大学), University of Electronic Science and Technology of China (UESTC) (电子科技大学), University of Electronic Science and Technology of China (电子科技大学), China Electronics Corporation (中国电子信息产业集团有限公司), China Electronics Corporation (中国电子信息产业集团有限公司), China Electronics Corporation (中国电子信息产业集团有限公司), PLA Academy of National Defense Information",//DZKK.cbpt.cnki.net,https://web02.cnki.net/kcms/detail/detail.aspx?filename=DZKK201605025&dbcode=BQZJ&dbname=BQZSLKCJFDLAST2016&v=,"Very High (Defense & Security Affiliated Research Universities)
, Very High (MCF Company), Very High (EL), Very High (Defense & Security Affiliated Research Universities)
, Very High (1286)
, Very High (1260), Very High (SOE), Very High (CMIC), Extreme",CC2530
"Apr 30, 2016 @ 20:00:00.000",自主潜航器姿态控制力矩陀螺群的DSP控制系统设计,To improve the low velocity control performance of Autonomous Underwater Vehicles(AUVs); asingle gimbal Control Moment Gyro(CMG)is introduced as the attitude control system; the drive system ofwhich consists of four brushless DC motors and four reducer motors. Considering the need of AUV for CMGmotors; a steady-speed control system is presented in which the brushless DC motors and worm gear reduc-er motors are based on TMS320F2812. The DSP controller module; PWM photoelectric buffer module;drive module; JTAG interface module; RS-232 SCI module and software program of the system are includ-ed. In building the peripheral circuit; only a single DSP chip is employed to control the starting or stoppingand realize the measurement of the working statement of the four brushless DC motors; and the forward orreverse response speed of the worm gear reducer motors can also be accepted. The experiment shows thatthe designed DSP control system of CMG can satisfy the attitude control requirements of AUVs.,传统舵面执行机构在自主潜航器低速或零速状态时对其进行姿态控制舵效不足;为改善其操纵性能;引入框架控制力矩陀螺(CMG)作为自主潜航器的姿态控制执行机构;其中驱动系统由4台高速无刷直流电机及4台减速电机组成。考虑到自主潜航器对控制力矩陀螺电机的性能要求;设计了以数字信号处理器(DSP)TMS320F2812为核心的永磁无刷直流电机与蜗轮蜗杆减速电机调速控制系统;包括DSP主控模块、PWM光电隔离模块、驱动模块、JTAG接口模块、RS-232串行通信模块等硬件电路及系统上、下位机的控制软件程序。设计并制作了外围电路板;实现了对无刷直流电机驱动的陀螺转子进行启动停止、转速给定、转速测量等控制任务;以及蜗轮蜗杆减速电机驱动的陀螺框架启停及正反转响应迅速。试验表明;所设计的DSP控制系统能较好地满足自主潜航器姿态控制需求。,"attitude control, autonomous underwater vehicle, brushless dc motor, digital signal processor(dsp), moment control gyro",ZHU Qiuchen;HUANG Daomin;ZHANG Chaohua;TANG Guoyuan,"School of Naval Architecture and Ocean Engineering, 华中科技大学船舶与海洋工程学院, Wuhan Air Force Early-Warning Academy, 武汉空军预警学院, Huazhong University of Science and Technology","Huazhong University of Science and Technology (华中科技大学), Air Force Early Warning Academy (中国人民解放军空军预警学院), Wuhan Air Force Early-Warning Academy",//JCZG.cbpt.cnki.net,https://web02.cnki.net/kcms/detail/detail.aspx?filename=JCZG201605016&dbcode=BQZJ&dbname=BQZSLKCJFDLAST2016&v=,"Very High (Defense & Security Affiliated Research Universities)
, Very High (1286)
, Extreme",TMS320F2812
"Jan 30, 2016 @ 19:00:00.000",基于WSN的城市水资源监测系统节点硬件设计,城市水资源的污染已成为我国最为严重的环境资源问题之一;它严重影响了人民的生产生活与身体健康;制约了我国经济的可持续发展;因此设计出一种自动化、智能化、网络化的城市水资源监测系统势在必行。为了解决传统城市水资源监测手段的不足;提出了一种基于WSN的城市水资源监测系统;设计了面向城市水资源监测的WSN监测节点硬件部分。该节点硬件部分采用集成MCU+射频收发芯片的SOC设计方案;选取CC2530射频芯片和CC2591作为其微处理器和无线通信模块;使其能对多种水质参数进行采集并上传到监控中心。实验结果表明;该节点运行稳定;可准确对被测水域水质参数进行实时采集。,-,"cc2530技术, cc2591技术, zigbee技术, 传感器, 城市水资源监测, 嵌入式, 无线传感器网络",齐华;苏东阁;刘军," 西安工业大学电子信息工程学院,  武警工程学院通信工程系","Xi'an Technological University (西安工业大学), Xi’an Technological University (西安工业大学), 武警工程学院通信工程系",微处理机,https://kns.cnki.net/kcms/detail/detail.aspx?dbcode=CJFD&dbname=CJFDLAST2016&filename=WCLJ201601023,"Very High (Defense & Security Affiliated Research Universities)
, Very High (1286)
, Extreme",CC2530
"Jan 30, 2016 @ 19:00:00.000",Design and Implementation of Generic Application Layer Security Protocol in Low Power Network Environment,This paper introduces a lightweight application layer security protocol called u ALS to address the security issue in the low power network environment. The implementation of u ALS is based on open SSL;and tested on BCM2836 and CC2530 which uses Contiki as its operating system. In addition;we compare u ALS with TLS / SSL by executing one experiment;and the evaluation result shows that u ALS has smaller code size;shorter time for handshaking and less resource consumption than TLS / SSL.,-,"application layer security protocol, embedded contiki system, low power network environment",ZHANG Dong;SHI Yingchun;WANG Le,"Department of Communication Engineering,PLA Academy of National Defense Information, School of Communications Engineering,Xidian University, Ministry of Communications,20th Research Institute of China Electronics Technology Group Corporation","Xidian University (西安电子科技大学), Xidian University (西安电子科技大学), China Electronics Corporation (中国电子信息产业集团有限公司), China Electronics Corporation (中国电子信息产业集团有限公司), China Electronics Corporation (中国电子信息产业集团有限公司), PLA Academy of National Defense Information",Electronic Science and Technology.,https://kns.cnki.net/kcms/detail/detail.aspx?dbcode=CJFD&dbname=CJFDLAST2016&filename=DZKK201605025,"Very High (Defense & Security Affiliated Research Universities)
, Very High (MCF Company), Very High (1260), Very High (SOE), Very High (CMIC), Extreme",CC2530
"Jan 30, 2016 @ 19:00:00.000",Design of the autonomous underwater vehicle control moment gyro system based on DSP,To improve the low velocity control performance of Autonomous Underwater Vehicles（AUVs）; asingle gimbal Control Moment Gyro（CMG）is introduced as the attitude control system; the drive system ofwhich consists of four brushless DC motors and four reducer motors. Considering the need of AUV for CMGmotors; a steady-speed control system is presented in which the brushless DC motors and worm gear reduc-er motors are based on TMS320F2812. The DSP controller module; PWM photoelectric buffer module;drive module; JTAG interface module; RS-232 SCI module and software program of the system are includ-ed. In building the peripheral circuit; only a single DSP chip is employed to control the starting or stoppingand realize the measurement of the working statement of the four brushless DC motors; and the forward orreverse response speed of the worm gear reducer motors can also be accepted. The experiment shows thatthe designed DSP control system of CMG can satisfy the attitude control requirements of AUVs.,-,"attitude control, autonomous underwater vehicle, brushless dc motor, digital signal processor（dsp）, moment control gyro",ZHU Qiuchen;HUANG Daomin;ZHANG Chaohua;TANG Guoyuan,"Wuhan Air Force Early-Warning Academy, School of Naval Architecture and Ocean Engineering,Huazhong University of Science and Technology","Air Force Early Warning Academy (中国人民解放军空军预警学院), Huazhong University of Science and Technology (华中科技大学), Wuhan Air Force Early-Warning Academy",Core;Chinese Journal of Ship Research.,https://kns.cnki.net/kcms/detail/detail.aspx?dbcode=CJFD&dbname=CJFDLAST2016&filename=JCZG201605016,"Very High (1286)
, Very High (Defense & Security Affiliated Research Universities)
, Extreme",TMS320F2812
"Dec 31, 2015 @ 19:00:00.000",工程装备无线控制装置设计,In this paper;wireless control for the amphibious armored pavement operation could be realized by using the wireless communication technology and the single-chip microcomputer control technology without changing the original circuit and structures of equipment. Through design of the wireless control system;it provides more control ways for the engineering equipments;improves the operation flexibility and operation efficiency;and offers worker with security assurance.,运用无线通信技术和单片机控制技术实现两栖装甲路面作业的无线控制;且不改变装备原有的电路和结构。通过设计无线控制系统;为工程装备提供更多的控制方式;提高了装备的作业灵活性和作业效率;同时也为作业手作业提供了安全保障。,"cc1101, single-chip microcomputer, wireless communication, wireless control",ZHAO Jian-min;LI Peng,"Field Engineering Institute, PLA Univ.of Sci.& Tech., 中国人民解放军理工大学野战工程学院","PLA Univ.of Sci.& Tech., 中国人民解放军理工大学野战工程学院",//JXYJ.cbpt.cnki.net,https://web02.cnki.net/kcms/detail/detail.aspx?filename=JXYJ201601076&dbcode=BQZJ&dbname=BQZSLKCJFDLAST2016&v=,"Extreme, Extreme",CC1101
"Dec 31, 2015 @ 19:00:00.000",Design of Wireless Control Device on Engineering Equipment,In this paper;wireless control for the amphibious armored pavement operation could be realized by using the wireless communication technology and the single-chip microcomputer control technology without changing the original circuit and structures of equipment. Through design of the wireless control system;it provides more control ways for the engineering equipments;improves the operation flexibility and operation efficiency;and offers worker with security assurance.,运用无线通信技术和单片机控制技术实现两栖装甲路面作业的无线控制;且不改变装备原有的电路和结构。通过设计无线控制系统;为工程装备提供更多的控制方式;提高了装备的作业灵活性和作业效率;同时也为作业手作业提供了安全保障。,"cc1101, single-chip microcomputer, wireless communication, wireless control",Li Peng;Zhao Jian-Min,中国人民解放军理工大学野战工程学院,中国人民解放军理工大学野战工程学院,机械研究与应用 ;Mechanical Research & Application ; Editorial E-mail ;2016(01),http://eng.oversea.cnki.net/Kcms/detail/detail.aspx?filename=JXYJ201601076&dbcode=CJFD&dbname=CJFD2016,Extreme,CC1101
"Dec 31, 2015 @ 19:00:00.000",基于WSN的城市水资源监测系统节点硬件设计,-,城市水资源的污染已成为我国最为严重的环境资源问题之一;它严重影响了人民的生产生活与身体健康;制约了我国经济的可持续发展;因此设计出一种自动化、智能化、网络化的城市水资源监测系统势在必行。为了解决传统城市水资源监测手段的不足;提出了一种基于WSN的城市水资源监测系统;设计了面向城市水资源监测的WSN监测节点硬件部分。该节点硬件部分采用集成MCU+射频收发芯片的SOC设计方案;选取CC2530射频芯片和CC2591作为其微处理器和无线通信模块;使其能对多种水质参数进行采集并上传到监控中心。实验结果表明;该节点运行稳定;可准确对被测水域水质参数进行实时采集。,-,-,"西安工业大学电子信息工程学院, 武警工程学院通信工程系","Xi'an Technological University (西安工业大学), Xi’an Technological University (西安工业大学), 武警工程学院通信工程系",微处理机 ;Microprocessors ; Editorial E-mail ;2016(01),http://eng.oversea.cnki.net/Kcms/detail/detail.aspx?filename=WCLJ2016030400L&dbcode=CJFD&dbname=CAPJ2015,"Very High (Defense & Security Affiliated Research Universities)
, Very High (1286)
, Extreme",CC2530
"Dec 31, 2015 @ 19:00:00.000",Design of Node Hardware of Urban Water Resources Monitoring system Based on WSN,The pollution of urban water resources has become one of the most serious resources and environment problems in our country;it not only affected the people’s production;daily life and health seriously;also restricted the sustainable development of our country ’s economy. Thus;an automatic;intelligent and networking urban water resource monitoring system;based on WSN;is designed to improve monitoring of urban water resources. The hardware of WSN monitoring node in city water resource monitoring nodes;employing SOC design of the integration of MCU and RF transceiver chip and using the CC2530 RF chip and CC2591 as the microprocessor and wireless communication module;is put forward in this paper. A variety of water quality parameters are collected and uploaded to the monitoring center.The experimental results show that the nodes run stably and the water quality parameters can be accurate real- time acquired.,城市水资源的污染已成为我国最为严重的环境资源问题之一;它严重影响了人民的生产生活与身体健康;制约了我国经济的可持续发展;因此设计出一种自动化、智能化、网络化的城市水资源监测系统势在必行。为了解决传统城市水资源监测手段的不足;提出了一种基于WSN的城市水资源监测系统;设计了面向城市水资源监测的WSN监测节点硬件部分。该节点硬件部分采用集成MCU+射频收发芯片的SOC设计方案;选取CC2530射频芯片和CC2591作为其微处理器和无线通信模块;使其能对多种水质参数进行采集并上传到监控中心。实验结果表明;该节点运行稳定;可准确对被测水域水质参数进行实时采集。,"cc2530 technology, cc2591 technology, sensor, the embedded, urban water resources monitoring, wireless sensor network, zigbee technology",Qi Hua;Liu Jun;Su Dongge,"西安工业大学电子信息工程学院, 武警工程学院通信工程系","Xi'an Technological University (西安工业大学), Xi’an Technological University (西安工业大学), 武警工程学院通信工程系",微处理机 ;Microprocessors ; Editorial E-mail ;2016(01),http://eng.oversea.cnki.net/kcms/detail/detail.aspx?filename=WCLJ201601023&dbcode=CJFD&dbname=CJFD2016,"Very High (Defense & Security Affiliated Research Universities)
, Very High (1286)
, Extreme",CC2530
"Nov 30, 2015 @ 19:00:00.000",Modified One-dimensional Otsu Algorithm Based on Image Complexity,Self-adaptive binaryzation is widely used in image segmentation and edge detection.Threshold extraction is one of the key technologies of digital image processing.Classic Otsu algorithm is an exhaustivity way and there will be a large computing redundancy.On condition of limited computer RAM and resource;this paper put forward a modified one-dimensional Otsu algorithm based on image complexity.According to different complexity;it improves Otsu algorithm speed on the basis of accuracy requirements.According to the experiments done on DM3730;this algorithm’s complexity is better than the classic one and its speed can be improved by about 40%.It can meet embedded system’s real-time requirements and the segmentation effect is almost the same with the classic one.,自适应二值化技术广泛应用于图像分割和目标边缘的提取;其阈值的确定是数字图像处理的关键技术。经典Otsu算法是穷举式的阈值确定方法;存在较大的计算冗余。在内存和资源都十分有限的条件下;提出了一种基于图像复杂度的一维Otsu改进算法;根据图像复杂程度的不同;该算法在满足准确度要求的基础上提高了Otsu算法的速度。在DM3730实验板上进行了实验;结果表明;该算法的复杂度低于经典算法;计算速度可提升40%左右;可以满足嵌入式系统的实时性要求;且分割效果与原始算法基本一致。,"average gray value, image complexity, otsu algorithm, self-adaptive segmentation",Jiang Li-Xing;Dong Zhong-Yan;Xiao Kai;Wang Jun-Ya,解放军信息工程大学,解放军信息工程大学,计算机科学 ;Computer Science ; Editorial E-mail ;2015(S1),http://eng.oversea.cnki.net/Kcms/detail/detail.aspx?filename=JSJA2015S1041&dbcode=CJFD&dbname=CJFD2015,Extreme,DM3730
"Nov 30, 2015 @ 19:00:00.000",基于图像复杂度的一维Otsu改进算法,Self-adaptive binaryzation is widely used in image segmentation and edge detection.Threshold extraction is one of the key technologies of digital image processing.Classic Otsu algorithm is an exhaustivity way and there will be a large computing redundancy.On condition of limited computer RAM and resource;this paper put forward a modified one-dimensional Otsu algorithm based on image complexity.According to different complexity;it improves Otsu algorithm speed on the basis of accuracy requirements.According to the experiments done on DM3730;this algorithm’s complexity is better than the classic one and its speed can be improved by about 40%.It can meet embedded system’s real-time requirements and the segmentation effect is almost the same with the classic one.,自适应二值化技术广泛应用于图像分割和目标边缘的提取;其阈值的确定是数字图像处理的关键技术。经典Otsu算法是穷举式的阈值确定方法;存在较大的计算冗余。在内存和资源都十分有限的条件下;提出了一种基于图像复杂度的一维Otsu改进算法;根据图像复杂程度的不同;该算法在满足准确度要求的基础上提高了Otsu算法的速度。在DM3730实验板上进行了实验;结果表明;该算法的复杂度低于经典算法;计算速度可提升40%左右;可以满足嵌入式系统的实时性要求;且分割效果与原始算法基本一致。,"average gray value, image complexity, otsu algorithm, self-adaptive segmentation",JIANG Li-xing;DONG Zhong-yan;XIAO Kai;WANG Jun-ya,"解放军信息工程大学, PLA Information Engineering University","Information Engineering University (中国人民解放军信息工程大学), 解放军信息工程大学, PLA Information Engineering University",//JSJA.cbpt.cnki.net,https://web02.cnki.net/kcms/detail/detail.aspx?filename=JSJA2015S1041&dbcode=BQZJ&dbname=BQZSLKCJFDLAST2015&v=,"Very High (1286)
, Extreme, Extreme",DM3730
"Jul 31, 2015 @ 20:00:00.000",基于CPLD的DSP与CAN控制器的接口设计与实现,At present;digital signal processors(DSP) and CAN bus are applied widely to the control field. Taking the DSP TMS320F2812 and CAN controller SJA1000 as examples;the complex programmable logic device(CPLD)is used to realize the timing sequence matching effectively between data of DSP and SJA1000;and conversion of address multiplex bus and nonmultiplex bus based on the analysis of the interface timing sequence of DSP and SJA1000. It is hoped that it can provide a reference for the design of interface circuit between other microprocessors and SJA1000 CAN controller.,目前DSP处理器和CAN总线都在控制领域得到了广泛应用;在此以TMS320F2812 DSP处理器和独立的CAN控制器SJA1000为例;在分析DSP和SJA1000接口时序的基础上;采用CPLD有效地实现了两者之间数据和地址总线复用与非复用之间的转换和时序匹配。同时希望对于其他微处理器与CAN控制器的接口电路设计可以提供一定的参考。,"can, cpld, dsp, harvard architecture, vhdl",YAN Hai-ming;DOU Hai-li;FENG Yuan,"中国航空计算技术研究所, College of Science, Air Force Engineering University, China Aeronautics Computing Technique Research Institute, 空军工程大学理学院","Air Force Engineering University (中国人民解放军空军工程大学), Air Force Engineering University (中国人民解放军空军工程大学), Air Force Engineering University",//XDDJ.cbpt.cnki.net,https://web02.cnki.net/kcms/detail/detail.aspx?filename=XDDJ201508019&dbcode=BQZJ&dbname=BQZSLKCJFDLAST2015&v=,"Very High (Defense & Security Affiliated Research Universities)
, Very High (1286)
, Extreme",TMS320F2812
"Apr 30, 2015 @ 20:00:00.000",Desion on a fully wireless automatic fire alarm system based on ZigBee and GPRS,Proposed a fully wireless automatic fire alarm system integrating ZigBee and GPRS communication technologies.Sensor network adopted CC2530 chip as the main control chip and the RF chip to detect normal fire characters;for illustration;smog;flame-ray;and heat.The detection results were then analyzed by the main control chip of ZigBee-GPRS Gateway and transferred through GRPS wireless module to remote computer.Thus;the current research achieved real-time monitoring and multi-dimensional alarm of fire.,提出一种将ZigBee和GPRS两种通信技术相结合的全无线火灾报警系统;对烟雾、火焰光、热量等常见火灾特征及防火门等消防设施进行远程监测。无线传感器网络采用CC2530芯片作为主控和射频芯片;监测信号经由ZigBee-GPRS网关主控芯片分析处理后通过GPRS无线模块上传至远程计算机;真正实现消防远程实时监控以及立体复合报警功能。,"fire alarm system, fire remote monitoring, gprs, zigbee",Chang Ning;Liu Ming-Yan,中国人民武装警察部队学院,中国人民武装警察部队学院,消防科学与技术 ;Fire Science and Technology ; Editorial E-mail ;2015(05),https://eng.oversea.cnki.net/kcms/detail/detail.aspx?filename=XFKJ201505015&dbcode=CJFD&dbname=CJFD2015,Extreme,CC2530
"Apr 30, 2015 @ 20:00:00.000",光伏并网电站的远程控制系统设计,As the ambient of the photovoltaic grid-connected power station is poor; and the cost higher due to having the personnel to be on duty in a long-term; this paper proposes a design scheme of remote control system based on the Internet. Firstly; it aims to expound the tasks and functions of the remote control system; next; to select the TMS320F2812 as a controller according to the digitization requirements for the system; and to analyze the key technologies required for the remote control; including the A/D conversion; the controller’s LAN communication; FFT and the sockets; and finally; to give the design of the control software; thus realizing the monitoring of system operating status and collection of real-time parameters; which offers a reference for developing the monitoring system of the photovoltaic grid-connected power station.,针对光伏并网电站附近环境较差、长期派人值守成本较高;提出了基于因特网的远程控制系统设计方案.首先对远程控制系统任务和功能进行了阐述;然后根据远程控制的数字化需求;选取TMS320F2812作为控制器;分析了远程控制所需的模数转换、控制器局域网通信、快速傅立叶算法和套接字等关键技术;最后给出了该远程控制软件的设计;从而实现对系统运行状态的监控和实时参数的采集;这为开发光伏并网电站监控系统提供了参考.,"a/d conversion, clan, fft, photovoltaic grid-connection, remote control",GUAN Xin-heng;LTD;QI Cheng-chao;NI Liu-liu,"临涣中利发电有限公司, 空军预警学院, Air Force Early Warning Academy, Linhuan Joinlion Power Co.","Air Force Early Warning Academy (中国人民解放军空军预警学院), Air Force Early Warning Academy",//KLDX.cbpt.cnki.net,https://web02.cnki.net/kcms/detail/detail.aspx?filename=KLDX201505010&dbcode=BQZJ&dbname=BQZSLKCJFDLAST2015&v=,"Very High (1286)
, Extreme",TMS320F2812
"Feb 28, 2015 @ 19:00:00.000",Software Design of Telemetry Data Processing Module Based on CAN Bus,With the development of the integrated technology of aircraft electronics;data bus has been widely used in aircrafts.In order to satisfy the requirement of data bus system’s measurements for a certain aircraft;we designed a kind of telemetry data processing module based on CAN bus.The part of hardware mainly consisted with bus driving module;digital signal processing module and logic processing module.The design of software included initialization of TMS320F28335;CAN bus data processing and external interrupts.The module is used for receiving and processing of a certain aircraft’s dual CAN bus data in many flights test.The module simplified the system design;and realized the high-speed;reliable CAN bus telemetry data processing.,随着飞行器电子综合化技术的发展;数据总线在飞行器中得到大量应用为满足某飞行器总线系统测量的需求;文章设计了一种基于CAN总线的遥测数据处理模块硬件部分主要由CAN总线驱动器模块、DSP数字信号处理模块、FPGA逻辑处理模块组成软件设计包括TMS320F28335的初始化;CAN总线数据处理和外部中断处理三部分该模块用于某飞行器双路CAN总线数据的采集及处理;并经过了多次飞行试验验证该模块简化了系统设计;实现了高速、可靠的CAN总线遥测数据处理。,"can bus, telemetry data processing, tms320f28335",Wang Zhigang;Du Yilin;Zhao Yining,"中国人民解放军装备学院研究生管理大队, 北京机电工程研究所",中国人民解放军装备学院研究生管理大队,计算机测量与控制 ;Computer Measurement & Control ; Editorial E-mail ;2015(03),http://eng.oversea.cnki.net/kcms/detail/detail.aspx?filename=JZCK201503106&dbcode=CJFD&dbname=CJFD2015,Extreme,TMS320F28335
"Feb 28, 2015 @ 19:00:00.000",TMS320C6678的LPI雷达信号检测模型设计,According to the characteristics of LPI radar signal processing and the real-time requirement;the article designs a LPI radar signal detection processing platform based on FPGA and DSP.On a multi-core DSP processing board based on Keystone;we use parallel connection pipeline architecture and the multi-layer distribution of task scheduling to process the LPI radar signal.The design builds a whole set of model of LPI radar signal processing from the pretreatment to the output of detection result.The simulation experiment results show that the signal processing model is suitable for low SNR of LPI radar signal detection;the system resource allocation is reasonable and takes fewer logical resources.The model has great potential of real-time detection of LPI radar signal.,本文围绕低截获概率雷达信号处理的特点和实时性的要求;设计了基于FPGA和DSP传统组合模式的LPI雷达信号检测处理平台。在一款基于Keystone构架的多核DSP处理板上;创新性地运用并行关联流水线体系结构和多层任务调度分配信号处理机制;构建了针对LPI雷达信号从预处理到检测结果输出的一整套信号处理模型。经过仿真实验验证;该信号处理模型适合在低信噪比条件下对LPI雷达信号进行检测;且系统资源分配合理占用逻辑资源少;具有实时检测LPI雷达信号的潜力。,"image process, lpi, signal detection, tms320c6678",Wu Hongchao;Xiao Peng;Xiao Weihua,"空军航空大学, Aviation University of Air Force",Aviation University of Air Force,//DPJY.cbpt.cnki.net,https://web02.cnki.net/kcms/detail/detail.aspx?filename=DPJY201503022&dbcode=BQZJ&dbname=BQZSLKCJFDLAST2015&v=,Extreme,TMS320C6678
"Jan 30, 2015 @ 19:00:00.000",Desion on a fully wireless automatic fire alarm system based on ZigBee and GPRS,Proposed a fully wireless automatic fire alarm system integrating ZigBee and GPRS communication technologies.Sensor network adopted CC2530 chip as the main control chip and the RF chip to detect normal fire characters;for illustration;smog;flame-ray;and heat.The detection results were then analyzed by the main control chip of ZigBee-GPRS Gateway and transferred through GRPS wireless module to remote computer.Thus;the current research achieved real-time monitoring and multi-dimensional alarm of fire.,-,"fire alarm system, fire remote monitoring, gprs, zigbee",CHANG Ning;LIU Ming-yan,Chinese People’s Armed Police Forces Academy,"Chinese People Holdings Company Limited (中民控股有限公司), Chinese People’s Armed Police Forces Academy",Core;Fire Science and Technology.,https://kns.cnki.net/kcms/detail/detail.aspx?dbcode=CJFD&dbname=CJFDLAST2015&filename=XFKJ201505015,"Very High (Public Company), Extreme",CC2530
"Jan 30, 2015 @ 19:00:00.000",基于ZigBee的多点大气压数据采集系统设计,针对目前大气剖面气象参数同测实时性问题;设计实现了基于ZigBee技术的剖面多点大气压参数采集系统。从应用方面着手对ZigBee技术的网络拓扑结构进行研究。在Z-STACK协议栈下;以CC2530芯片为核心构建了一个由若干气象参数采集节点组成的树状无线传感网络。各终端节点和路由节点将气压传感器BMP085采集到的气压参数通过网络汇聚到协调器;在PC上对采集到的数据进行相关处理。结果表明;系统采集节点获取数据精度高;误差小;具有应用推广价值。,-,"bmp085, cc2530, zigbee, 多点",赵奎;邢阳阳;朱倪瑶," 海军工程大学电子工程学院,  中国人民解放军91439部队",中国人民解放军91439部队,电子科技,https://kns.cnki.net//kcms/detail/detail.aspx?filename=DZKK201511031&dbcode=CJFQ&dbname=CJFD2015&v=iN1md_QPjdMijKjlO1HkD-WHkamu4xEesy-40mj4t7R_TyGxOpE2eK_FLiYlmwJ6,Extreme,CC2530
"Jan 30, 2015 @ 19:00:00.000",Design of a strapdown inertial navigation system based on TMS320C6713,To adapt to development needs for good real-time;fast speed;high precision;small size;low power consumption;of current SINS design a DSP + FPGA SINS platform;use FPGA to complete sensor data acquisition and control; use high performance TMS320C6713 DSP as the core processor to complete attitude and heading reference system（ AHRS）; describe interaction relationship between FPGA and DSP; DSP programs are compiled by C language and assembly language;FPGA design is described using VHDL language; test proves the design is feasible;the errors of attitude angle is within 0. 05;the precision is up to design criterion.,-,"fpga, sensor, strapdown inertial navigation system（sins）, tms320c6713 dsp",KANG Hong-zhan;HAO Shun-yi;LU Gang,"College of Aeronautics and Astronautics Engineering,Air Force Engineering University, Shaanxi Huayan Aero-instrument Co Ltd","Air Force Engineering University (中国人民解放军空军工程大学), Air Force Engineering University (中国人民解放军空军工程大学), Air Force Engineering University",Transducer and Microsystem Technologies.,https://kns.cnki.net/kcms/detail/detail.aspx?dbcode=CJFD&dbname=CJFDLAST2015&filename=CGQJ201510033,"Very High (Defense & Security Affiliated Research Universities)
, Very High (1286)
, Extreme",TMS320C6713
"Jan 30, 2015 @ 19:00:00.000",基于CAN总线的遥测数据处理模块软件设计,随着飞行器电子综合化技术的发展;数据总线在飞行器中得到大量应用;为满足某飞行器总线系统测量的需求;文章设计了一种基于CAN总线的遥测数据处理模块;硬件部分主要由CAN总线驱动器模块、DSP数字信号处理模块、FPGA逻辑处理模块组成;软件设计包括TMS320F28335的初始化;CAN总线数据处理和外部中断处理三部分;该模块用于某飞行器双路CAN总线数据的采集及处理;并经过了多次飞行试验验证;该模块简化了系统设计;实现了高速、可靠的CAN总线遥测数据处理。,-,"can总线, tms320f28335, 遥测数据处理",杜以林;王志刚;赵伊宁," 北京机电工程研究所,  中国人民解放军装备学院研究生管理大队",中国人民解放军装备学院研究生管理大队,计算机测量与控制,https://kns.cnki.net/kcms/detail/detail.aspx?dbcode=CJFD&dbname=CJFDLAST2015&filename=JZCK201503106,Extreme,TMS320F28335
"Jan 30, 2015 @ 19:00:00.000",一种无人缩微小车的麦克风阵列声源定位系统的硬件平台设计,本文以TMS320C6713为核心;设计了一款用于无人缩微小车的麦克风阵列声源定位系统的硬件平台。首先提出了系统的总体设计;其次分析了麦克风阵列模块、数据采集模块和数据存储、处理与控制三个功能模块的功能和性能指标;最后通过实测实验验证了平台的有效性和实用性。,-,"声源定位, 无人缩微小车, 麦克风阵列",刘福,武警工程大学科研部装备与信息技术研究所,武警工程大学科研部装备与信息技术研究所,黑龙江科技信息,https://kns.cnki.net//kcms/detail/detail.aspx?filename=HLKX201503080&dbcode=CJFD&dbname=CJFD2015&v=FTXVg8ILz_BXtOzHw-kzSWWs3O9p2QFtk989dBdyvvQEUQ3aDeDuTLurVZYAk_eD,Extreme,TMS320C6713
"Jan 30, 2015 @ 19:00:00.000",Software Design of Telemetry Data Processing Module Based on CAN Bus,With the development of the integrated technology of aircraft electronics;data bus has been widely used in aircrafts.In order to satisfy the requirement of data bus system’s measurements for a certain aircraft;we designed a kind of telemetry data processing module based on CAN bus.The part of hardware mainly consisted with bus driving module;digital signal processing module and logic processing module.The design of software included initialization of TMS320F28335;CAN bus data processing and external interrupts.The module is used for receiving and processing of a certain aircraft’s dual CAN bus data in many flights test.The module simplified the system design;and realized the high-speed;reliable CAN bus telemetry data processing.,-,"can bus, telemetry data processing, tms320f28335",Wang Zhigang;Du Yilin;Zhao Yining,"Department of Graduate Managrment,Academy of Equipment of PLA, Beijing Electro-Mechanical Engineering Institute",Academy of Equipment of PLA,Computer Measurement ＆ Control.,https://kns.cnki.net/kcms/detail/detail.aspx?dbcode=CJFD&dbname=CJFDLAST2015&filename=JZCK201503106,Extreme,TMS320F28335
"Jan 30, 2015 @ 19:00:00.000",Modified One-dimensional Otsu Algorithm Based on Image Complexity,Self-adaptive binaryzation is widely used in image segmentation and edge detection.Threshold extraction is one of the key technologies of digital image processing.Classic Otsu algorithm is an exhaustivity way and there will be a large computing redundancy.On condition of limited computer RAM and resource;this paper put forward a modified one-dimensional Otsu algorithm based on image complexity.According to different complexity;it improves Otsu algorithm speed on the basis of accuracy requirements.According to the experiments done on DM3730;this algorithm’s complexity is better than the classic one and its speed can be improved by about 40%.It can meet embedded system’s real-time requirements and the segmentation effect is almost the same with the classic one.,-,"average gray value, image complexity, otsu algorithm, self-adaptive segmentation",JIANG Li-xing;DONG Zhong-yan;XIAO Kai;WANG Jun-ya,PLA Information Engineering University,"Information Engineering University (中国人民解放军信息工程大学), PLA Information Engineering University",Core;Computer Science.,https://kns.cnki.net/kcms/detail/detail.aspx?dbcode=CJFD&dbname=CJFDLAST2015&filename=JSJA2015S1041,"Very High (1286)
, Extreme",DM3730
"Dec 31, 2014 @ 19:00:00.000",Application of Hardware Semaphore on Inter-processor Communication of Multicore Processor,In the software design of multicore processor;inter-processor communication is the important part.An effective inter-processor communication mechanism can fully exploit the parallel processing ability of multicore processor.The traditional ways of inter-processor communication are interrupt and query mode;which can lead to miss interrupt and query inefficiency.In order to solve this problem;the paper presents a new inter-processor communication way based on hardware semaphore.Taking multicore DSP chip TMS320C6678 as the example;the paper introduces the operating principle;method;functional block and configuration of the hardware semaphore module;and gives an example based on two cores communication at last.,在多核处理器的软件设计中;核间通信机制是关键所在;有效合理的核间通信可以发挥多核处理器的并行处理能力。中断和查询方式是传统的核间通信手段;但存在丢失中断和查询效率低的缺点。为解决这一问题;多核处理器提供了一种全新的硬件信号量机制;用于核间通信。本文以多核DSP芯片TMS320C6678为例;描述了硬件信号量的工作原理和方法以及模块的结构和配置;并给出两个核之间通信的实例。,"interrupt, multicore processor, semaphore",Wang Anmin;Liu Debao;Han Daowen,"同方电子科技有限公司研究所, 解放军电子工程学院",解放军电子工程学院,单片机与嵌入式系统应用 ;Microcontrollers & Embedded Systems ; Editorial E-mail ;2015(01),http://eng.oversea.cnki.net/kcms/detail/detail.aspx?filename=DPJY201501005&dbcode=CJFD&dbname=CJFD2015,Extreme,TMS320C6678
"Nov 30, 2014 @ 19:00:00.000",基于EtherCAT总线的双馈风电机组变流器控制系统设计,Ether CAT bus was applied to realize high-speed data exchange among the modules of converter control system. The master station of Ether CAT bus was realized by AM3359;the slave station of generator control module was realized by the TMS320F28335;and the slave station of common analog and digital I / Os was realized by the STM32F107. The DSP;CPLD and high-speed &amp high-accuracy A / D converter were adopted to realize synchronous sampling for voltage and current signals and therefore complete electricity calculation. PWM signals complete the control for DC bus voltage of grid side converter and frequency &amp phase control for the voltage and current of rotor side converter by driving the IGBT through optic-fiber. With the application of Linux operation system for the master station of Ether CAT bus and the transplantation of Preempt-RT patch software the real-time performance can be provided. With the transplantation of Ether CAT master station protocols the high speed data exchange among the modules of control system can be realized. With the transplantation of CANopen higher layer protocols the data exchange between the converter and the main control system can be realized. Through the miniwatt( 110 k W) bench test;full power bench test and wind park operation it indicates that this design can ensure stable operation.,采用Ether CAT总线实现变流器控制系统各模块之间的高速数据交换。控制系统硬件由AM3359构成Ether CAT总线的主站;TMS320F28335构成电机控制模块从站;STM32F107构成通用模拟量、数字量输入/输出模块从站。采用DSP、CPLD及高速高精度A/D转换器实现电压、电流信号同步采样;完成电量计算。PWM信号经光纤驱动IGBT;完成网侧变换器及转子侧变换器的控制。Ether CAT总线的主站采用Linux操作系统;移植Preempt-RT补丁软件;增加系统的实时性。移植Ether CAT主站协议;实现控制系统各模块间的高速数据交换。移植CANopen高层协议;实现变流器与风力发电机主控系统之间的数据交换。控制系统经小功率试验台、全功率试验台及风电场现场运行;稳定可靠。,"arm, canopen, double-fed converter, dsp, ether cat",Training Dept.;LIU Wei;ZHANG Yongbin;LI Yufeng,"PLA Force No. 93756, 93756部队训练部","PLA Force No. 93756, 93756部队训练部",//DYDQ.cbpt.cnki.net,https://web02.cnki.net/kcms/detail/detail.aspx?filename=DYDQ201418009&dbcode=BQZJ&dbname=BQZSLKCJFD2014&v=,"Extreme, Extreme",AM3359; TMS320F28335
"Aug 31, 2014 @ 20:00:00.000",Hardware Design of a Small UAV Flight Control System,For the disadvantage of traditional flight control computer system with single chip; design the flight control computer system of a small UAV. Technical index and functional is formulated; and TMS320F28335 chip is used as the core controller; which integrates GPS and sensor; and expands a few of communication interfaces. All of these designs ensure the real-time and reliability of data communication; and can achieve the independent autonomous navigation of small UAV. For the characteristics of low weight; small size and small power; the flight control system can provide a reference for the design and application of small UAV.,针对传统单片机飞行控制系统的不足;设计一种适用于小型无人机的飞行控制系统。制定了技术和功能指标;以TMS320F28335芯片为核心;集成了GPS和传感器;并进行少量外部接口扩展;保证了数据通信的实时性和可靠性;实现了小型无人机的自主控制。实验结果表明:该系统成本低、体积小、功率小;可为小型无人机的设计与应用提供参考。,"dsp, flight control system, uav",Zhang Zhen;Du Jiyan,解放军陆军军官学院无人机系,解放军陆军军官学院无人机系,兵工自动化 ;Ordnance Industry Automation ; Editorial E-mail ;2014(09),http://eng.oversea.cnki.net/kcms/detail/detail.aspx?filename=BGZD201409018&dbcode=CJFD&dbname=CJFD2014,Extreme,TMS320F28335
"Aug 31, 2014 @ 20:00:00.000",嵌入式网络控制系统设计与实现,In order to realize embedded network controller system;a embedded resolution based on Ethernet controller chip AX88180 and TMS320F2812DSP is proposed.The hardware design project;software realization method is presented.The embedded network controller system is composed of DSP;FPGA;AX88180;88E1111;network interface etc.The TMS320F2812 DSP controls communication protocol;the exchange of data between network data and parallel data is finished by FPGA chip;Ethernet controller chip AX88180 controls the network format data receiving and sending;the data exchange between the TMS320F2812 DSP and FPGA is realized by SRAM.The system is tested by 1Gbps Ethernet environment and communication frequency is 100f/s;experiments results show that the method is feasible;and the stable correct results make this method very ascendant in practical application.,为了实现嵌入式网络接口控制系统;提出了基于网络接口芯片AX88180与TMS320F2812DSP控制芯片的嵌入式解决方案。完成了该系统的硬件设计与软件实现方案。嵌入式网络控制系统硬件组成包括DSP处理器、FPGA控制器、以太网控制器AX88180芯片、物理层控制器88E1111芯片、网络控制接口等主要部分;其中TMS320F2812DSP处理器负责通信协议控制;FPGA处理器完成网络数据与并行总线数据之间的转换;并控制SRAM芯片的读写操作;AX88180芯片负责对网络接口的数据格式转换;DSP与FPGA之间采用SRAM进行数据交换。实验结果表明;在网络通信速度为1Gb/s;通信频率为100Hz/s的情况下;系统工作稳定。,"controller, dsp, embedded, internet",Wang YongWei;Liu Yanjun,"空军驻长春地区军事代表室, 中国科学院大学, Military Representative Office of Air force in Changchun, the Chinese Academy of Sciences, Fine Mechanics and Physics, 中国科学院长春光学精密机械与物理研究所, University of the Chinese Academy of Sciences, Changchun Institute of Optics","Changchun Institute of Optics, Fine Mechanics and Physics, Chinese Academy of Sciences (中国科学院长春光学精密机械与物理研究所), Military Representative Office of Air force in Changchun",//GWCL.cbpt.cnki.net,https://web02.cnki.net/kcms/detail/detail.aspx?filename=GWCL201409015&dbcode=BQZJ&dbname=BQZSLKCJFD2014&v=,"Very High (EL), Extreme",TMS320F2812
"Aug 31, 2014 @ 20:00:00.000",小型无人机飞行控制系统硬件设计,For the disadvantage of traditional flight control computer system with single chip; design the flight control computer system of a small UAV. Technical index and functional is formulated; and TMS320F28335 chip is used as the core controller; which integrates GPS and sensor; and expands a few of communication interfaces. All of these designs ensure the real-time and reliability of data communication; and can achieve the independent autonomous navigation of small UAV. For the characteristics of low weight; small size and small power; the flight control system can provide a reference for the design and application of small UAV.,针对传统单片机飞行控制系统的不足;设计一种适用于小型无人机的飞行控制系统。制定了技术和功能指标;以TMS320F28335芯片为核心;集成了GPS和传感器;并进行少量外部接口扩展;保证了数据通信的实时性和可靠性;实现了小型无人机的自主控制。实验结果表明:该系统成本低、体积小、功率小;可为小型无人机的设计与应用提供参考。,"dsp, flight control system, uav",Zhang Zhen;Du Jiyan,"Department of UAV, Army Officer Academy of PLA, 解放军陆军军官学院无人机系","Army Officer Academy of PLA, 解放军陆军军官学院无人机系",//BGZD.cbpt.cnki.net,https://web02.cnki.net/kcms/detail/detail.aspx?filename=BGZD201409018&dbcode=BQZJ&dbname=BQZSLKCJFD2014&v=,"Extreme, Extreme",TMS320F28335
"Jul 31, 2014 @ 20:00:00.000",A method of multi-signal generation with highly efficient;flexible characteristic,This paper proposes a design and implementation of multi-signal generation with highly efficient; flexible and realtime characteristic. The proposed method maks use of various technologies including digital quadrature modulation(DQM); farrow filter interpolation; signal combination to simulate multi-system and multi-mode communication signal enviroment. We implement all the designs to generate multi-signal scenes that gives frequencies between 110MHz and 170MHz in a standalone system including single FPGA and DAC5688 chips. The test results show that we can simultaneously generate 10 routine or spread spectrum signals with varaible modulation; code-rate; amplitude; frequency and phase. The DAC5688 output has a harmonic suppression up to 60dB out of instantaneous band; and suppression up to 40dB within instantaneous band.,针对通信对抗复杂战场电磁环境模拟的要求;设计并实现了一种资源高效利用、样式灵活可变、参数实时可控的多通信信号产生方法。该方法经过高速缓存循环读取、通用数字正交调制、法罗滤波器内插和多通道信号合成后;产生多路不同体制、不同样式的通信信号来模拟复杂战场电磁环境。在XC6VLX240T FPGA上;对信号产生方法进行了软硬件[1]实现;通过DAC5688在140 MHz中频;60 MHz带宽内输出多路信号模拟。结果表明;该方法能够同时产生10路样式、码速率、幅度、频率均实时可变的常规、扩频、数据链或跳频通信信号;中频带外抑制优于60 dB;带内互调失真优于40 dB。,"digital quadrature modulation(dqm), fpga implementation, garrow filter, multi-signal generation",Wang Fei;Chang Qi;Han Yu;Huang Ya-Zheng,"通信信息控制和安全技术重点实验室, 解放军93575部队, 中国电子科技集团公司第三十六研究所",解放军93575部队,电子设计工程 ;Electronic Design Engineering ; Editorial E-mail ;2014(08),https://eng.oversea.cnki.net/Kcms/detail/detail.aspx?filename=GWDZ201408045&dbcode=CJFD&dbname=CJFD2014,Extreme,DAC5688
"Jul 31, 2014 @ 20:00:00.000",一种基于DSP的高速角速率陀螺数据采集模块,Aiming at the MCU can’t acquire multi high speed gyros data at the same time under conditions of multi multiply and divide method floating-point operation; design a high speed angular rate gyros data acquisition module based on DSP. The module combines with gyros data acquisition principle; introduces design method from software and hardware in detail. Based on project application; acquire and deal with certain type photoelectric tracing platform gyros data; give space disturbance angular rate measurement and angular position measurement for stabilizing and controlling circuit. The test result shows that the module can acquire 2 orthogonal high speed gyros data in real time; calculate carrier space angular position in real time; and give high precision angular rate measurement and angular position measurement for stabilizing and controlling circuit.,针对普通单片机在有大量乘除法浮点运算的情况下无法同时采集多个高速陀螺数据的问题;设计了一种基于DSP的高速角速率陀螺数据采集模块。该模块结合陀螺数据采集原理;从软硬件2个方面给出详细的设计方法。并结合工程实际应用;采集处理某光电跟踪平台陀螺仪数据;为稳定控制回路提供空间扰动角速率和角位置测量。实验结果表明:该模块能实时采集2路正交安装的高速陀螺仪数据;实时解算出载体空间角位置;为稳定控制系统提供高精度的角速率和角位置检测。,"angular rate gyros, can bus, data acquisition, tms320f28335",Yao Yi;Zhang Xiaobo;Li Yongcheng,"PLA Presentation Office in Mianyang District, 总装重庆军代局驻绵阳地区军代室, No.58 Research Institute of China Ordnance Industries, PLA Representation Bureau of General Equipment Department in Chongqing, Department of Military Products, 中国兵器工业第五八研究所军品部","PLA Presentation Office in Mianyang District, PLA Representation Bureau of General Equipment Department in Chongqing",//BGZD.cbpt.cnki.net,https://web02.cnki.net/kcms/detail/detail.aspx?filename=BGZD201408021&dbcode=BQZJ&dbname=BQZSLKCJFD2014&v=,"Extreme, Extreme",TMS320F28335
"Jul 31, 2014 @ 20:00:00.000",一种高效、灵巧的多通信信号产生方法,This paper proposes a design and implementation of multi-signal generation with highly efficient; flexible and realtime characteristic. The proposed method maks use of various technologies including digital quadrature modulation(DQM); farrow filter interpolation; signal combination to simulate multi-system and multi-mode communication signal enviroment. We implement all the designs to generate multi-signal scenes that gives frequencies between 110MHz and 170MHz in a standalone system including single FPGA and DAC5688 chips. The test results show that we can simultaneously generate 10 routine or spread spectrum signals with varaible modulation; code-rate; amplitude; frequency and phase. The DAC5688 output has a harmonic suppression up to 60dB out of instantaneous band; and suppression up to 40dB within instantaneous band.,针对通信对抗复杂战场电磁环境模拟的要求;设计并实现了一种资源高效利用、样式灵活可变、参数实时可控的多通信信号产生方法。该方法经过高速缓存循环读取、通用数字正交调制、法罗滤波器内插和多通道信号合成后;产生多路不同体制、不同样式的通信信号来模拟复杂战场电磁环境。在XC6VLX240T FPGA上;对信号产生方法进行了软硬件[1]实现;通过DAC5688在140 MHz中频;60 MHz带宽内输出多路信号模拟。结果表明;该方法能够同时产生10路样式、码速率、幅度、频率均实时可变的常规、扩频、数据链或跳频通信信号;中频带外抑制优于60 dB;带内互调失真优于40 dB。,"digital quadrature modulation(dqm), fpga implementation, garrow filter, multi-signal generation",HUANG Ya-zheng;HAN Yu;WANG Fei;CHANG Qi,"Unit 93575 of PLA, National Laboratory of Information Control Technology for Communication System, 通信信息控制和安全技术重点实验室, 中国电子科技集团公司第三十六研究所, The 36th Institute of CETC, 解放军93575部队","Unit 93575 of PLA, 解放军93575部队",//GWDZ.cbpt.cnki.net,https://web02.cnki.net/kcms/detail/detail.aspx?filename=GWDZ201408045&dbcode=BQZJ&dbname=BQZSLKCJFD2014&v=,"Extreme, Extreme",DAC5688
"Jul 31, 2014 @ 20:00:00.000",一种基于TMS320C6713视频处理系统,Aiming at the demand for a certain type of missile simulation training device; the video collecting integrated processing system based on TMS320C6713 is designed in this paper; collecting video images through the camera; taking floating-point DSP chip TMS320C6713 as the core processor;adopting high-speed FPGA chip XC5VS95 T to implement logic control technology; sending to a certain type of missile simulation training device through1GBase-T and displaying. The video integrated processing system has the feature of facile operation; stable performance and low power consumption.,针对某型导弹模拟训练装置的需求;本文设计了一种基于TMS320C6713视频采集综合处理系统;通过摄像头采集视频图像;以浮点DSP芯片TMS320C6713为核心处理器;采用高速FPGA芯片XC5VS95T实现逻辑控制技术;通过千兆网口送给某型导弹模拟训练装置并显示。该视频综合处理系统易于操作;性能稳定;功耗低。,"gpga, missile simulate, tms320c6712, training device, video processing",Wang Xiaodong;Dong Xiangyu;Zhang Yuhang,"南京信息工程大学电子与信息工程学院, 中国人民解放军防空兵学院导弹系",中国人民解放军防空兵学院导弹系,//SZJT.cbpt.cnki.net,https://web02.cnki.net/kcms/detail/detail.aspx?filename=SZJT201408067&dbcode=BQZJ&dbname=BQZSLKCJFD2014&v=,Extreme,TMS320C6713
"Jun 30, 2014 @ 20:00:00.000",数字舵机精确控制方法研究与实现,This paper analyzes the necessary condition to achieve precise control of the steering gear.Information transmission between the onboard computer and the steering gear control system(SGCS)was studied;and a method to realize the accurate information interaction between onboard computer and the SGCS was proposed.The error code problem of command transmission was solved.In addition;a data reception;processing and real-time information on current rudder position loopback were completed.Digital servo control system was designed based on TMS320F2812 for achieving precise control of the steering gear.,文章分析了实现数字舵机精确控制的必要条件;研究了弹载计算机与舵机控制系统(MACS)之间信息传输方式;提出了一种实现弹载计算机与舵机控制系统之间信息准确交互的方案;解决了舵机数字控制系统指令传输误码问题;波特率达到230 400bps;并完成了数据接收、实时处理及当前舵位信息回送设计了基于TMS320F2812的数字舵机控制系统;实现对舵机的精确控制;频率达到16Hz。,"information interaction, missile actuator, onboard computer, precise control",Li Jianmin;Wu Kerui;Peng Shugang;Liu Peiyao,"Ministerial Key Lab of Instrumentation Science and Dynamic Measurement, 中北大学仪器科学与动态测试教育部重点实验室, 空军驻山西地区军事代表室, Changshu Standard Parts Factory, 常熟市标准件厂, Shanxi Region Military Representatives Office of Air Force, North University of China","North University of China (中北大学), North University of China (中北大学), Shanxi Region Military Representatives Office of Air Force",//JZCK.cbpt.cnki.net,https://web02.cnki.net/kcms/detail/detail.aspx?filename=JZCK201407030&dbcode=BQZJ&dbname=BQZSLKCJFD2014&v=,"Very High (Defense & Security Affiliated Research Universities)
, Very High (1286)
, Extreme",TMS320F2812
"May 31, 2014 @ 20:00:00.000",多核DSP在无人平台探测声纳中的应用研究,Unmanned vehicles are playing a more and more important role in both military and civilian uses;thanks to the development of information technology. Target detection with unmanned underwater vehicle( UUV) is now a thriving frontier subject;in which high operational capability is the core. An underwater acoustic signal processing system based on multicore DSP is presented in this paper. Firstly we introduced some basic characteristics of multicore DSP by giving some examples on basic operations and the beamforming algorithm. Then a capacity test was taken and it was demonstrated that the system is qualified to function as a real-time signal processing system in UUV. This article shows that the design and application of this multicore DSP based system is practical in underwater acoustic signal processing.,在信息技术日益成熟的今天;无人平台在军事和民用领域都扮演着越来越重要的角色。水下无人航行器探测已经成为水声领域重要前沿研究方向;高速运算处理能力更是整个系统的核心。本文以多核DSP作为处理核心;提出了一个水下无人平台探测声呐架构。首先对多核DSP性能做了基本介绍;并以几种基本运算和经典波束形成算法作为例子进行了说明;通过性能测试证明了这一架构适用于水下无人平台的实时信号处理。这一多核DSP架构的设计和应用在水声领域中具有一定实用价值。,"multicore,dsp,uuv,sonar,tms320c6678",REN Yufei;LI Zheng;HUANG Haining;WU Yuquan;YUAN Junfang,"Graduate University of Chinese Academy of Sciences, Chinese Academy of Sciences, 中国科学院大学, 海军驻天津地区防救军事代表室, 中国科学院声学研究所, Institute of Acoustics, The Navy in Tianjin Rescue Military Representative Office",The Navy in Tianjin Rescue Military Representative Office,//YYSN.cbpt.cnki.net,https://web02.cnki.net/kcms/detail/detail.aspx?filename=YYSN201406004&dbcode=BQZJ&dbname=BQZSLKCJFDLAST2015&v=,Extreme,TMS320C6678
"Apr 30, 2014 @ 20:00:00.000",Synchronous Multi-clocks Based on Multicore DSP,These are many interfaces on multicore DSP;and each clock should be set independently.Higher frequency and steadiness is required for these clocks to fit the multicore DSP.These clocks are originated from one high precision reference clock.TMS320C6678 clock design is introduced;getting diversified clock based on CDCM6208.The paper introduces how to set CDCM6208;and the design of hardware and software is described.,多核数字信号处理器(DSP)具有丰富的外设接口;每个外设接口具有各自独立的参考时钟。由于多核DSP具有较快的数据处理能力;对外设接口的时钟要求较高。当多个接口协同工作时;对时钟的同步要求较高。本文介绍了多核数字信号处理器TMS320C6678的时钟设计;通过时钟芯片CDCM6208提供多路不同工作频率的时钟信号到DSP;文中介绍了时钟芯片的初始化和设置以及详细的软硬件设计方法。,"cdcm6208, clock, multicore dsp",Wang Anmin;Han Daowen,"同方电子科技有限公司研究所, 解放军电子工程学院",解放军电子工程学院,单片机与嵌入式系统应用 ;Microcontrollers & Embedded Systems ; Editorial E-mail ;2014(05),http://eng.oversea.cnki.net/kcms/detail/detail.aspx?filename=DPJY201405006&dbcode=CJFD&dbname=CJFD2014,Extreme,TMS320C6678
"Jan 31, 2014 @ 19:00:00.000",一种基于TMS320C6713串口烧写FLASH实现自启动的方法,According to the TMS320C6713 platform programmer application to the FLASH in trouble.This paper introduces a simple code writing style.This paper analyzes TMS320C6713 since the start of principle;process and the writing process.Conversion from the application file types;serial port to send applications and TMS320C6713 hardware platform programmer three aspects described in detail through the serial port to send the application code programmer FLASH steps.Analyzed result proved the method can achieve FLASH programmer and application code is developed using a CCS version;and apply to various version of the CCS compiler/development platform;greatly facilitates for software developers.,针对TMS320C6713平台烧写应用程序到FLASH中时存在的不便;介绍一种方便简洁的代码烧写方式。详细分析了TMS320C6713自启动原理、过程和烧写流程。从应用程序文件转换、串口发送应用程序和TMS320C6713硬件平台烧写3个方面详细描述了通过串口发送应用程序代码烧写FLASH的步骤。分析结果证明:该方法使用一种CCS版本即可完成FLASH烧写和应用代码的开发;并通用于各种版本CCS编译/开发平台;极大方便了软件开发人员。,"flash programmer, self-starting, tms320c6713",Lai Wenjuan;Zhang Xiaobo;Guan Qin,"PLA Presentation Office in Mianyang District, 总装重庆军代局驻绵阳地区军代室, Department of Special Electronic Technology, No.58 Research Institute of China Ordnance Industries, PLA Military Representation Bureau of General Equipment Headquarters in Chongqing, 中国兵器工业第五八研究所特种电子技术部, Department of Military Products, 中国兵器工业第五八研究所军品部","PLA Presentation Office in Mianyang District, PLA Military Representation Bureau of General Equipment Headquarters in Chongqing",//BGZD.cbpt.cnki.net,https://web02.cnki.net/kcms/detail/detail.aspx?filename=BGZD201402029&dbcode=BQZJ&dbname=BQZSLKCJFD2014&v=,"Extreme, Extreme",TMS320C6713
"Jan 30, 2014 @ 19:00:00.000",小型无人机飞行控制系统硬件设计,针对传统单片机飞行控制系统的不足;设计一种适用于小型无人机的飞行控制系统。制定了技术和功能指标;以TMS320F28335芯片为核心;集成了GPS和传感器;并进行少量外部接口扩展;保证了数据通信的实时性和可靠性;实现了小型无人机的自主控制。实验结果表明:该系统成本低、体积小、功率小;可为小型无人机的设计与应用提供参考。,-,"dsp, 无人机, 飞行控制系统",都基焱;张振,解放军陆军军官学院无人机系,解放军陆军军官学院无人机系,兵工自动化,https://kns.cnki.net/kcms/detail/detail.aspx?dbcode= CJFD&dbname=CJFD2014&filename=BGZD201409018,Extreme,TMS320F28335
"Jan 30, 2014 @ 19:00:00.000",一种高效、灵巧的多通信信号产生方法,针对通信对抗复杂战场电磁环境模拟的要求;设计并实现了一种资源高效利用、样式灵活可变、参数实时可控的多通信信号产生方法。该方法经过高速缓存循环读取、通用数字正交调制、法罗滤波器内插和多通道信号合成后;产生多路不同体制、不同样式的通信信号来模拟复杂战场电磁环境。在XC6VLX240T FPGA上;对信号产生方法进行了软硬件[1]实现;通过DAC5688在140 MHz中频;60 MHz带宽内输出多路信号模拟。结果表明;该方法能够同时产生10路样式、码速率、幅度、频率均实时可变的常规、扩频、数据链或跳频通信信号;中频带外抑制优于60 dB;带内互调失真优于40 dB。,-,"farrow滤波器, fpga实现, 多信号产生, 数字正交调制",常琪;黄雅峥;韩煜;王飞," 通信信息控制和安全技术重点实验室,  中国电子科技集团公司第三十六研究所,  解放军93575部队",解放军93575部队,电子设计工程,https://kns.cnki.net//kcms/detail/detail.aspx?filename=GWDZ201408045&dbcode=CJFQ&dbname=CJFD2014&v=3w4ZRQ4FYqRADkZcPQci5aJ2n_S9gHjfZDer8Y1rtLe5ThwgRhYXaScwgfWG12Kd,Extreme,DAC5688
"Jan 30, 2014 @ 19:00:00.000",基于ZigBee无线网的医院急救设备系统的设计,目的设计一种基于ZigBee无线网的医院急救设备系统。方法基于急救设备字典和CC2530芯片;通过嵌入RFID标签、计时收费显示模块和技术支持模块;利用ZigBee无线通信设计软硬件;实现医院急救设备的科学管理。结果该系统高效科学地提高了急救设备的使用效率和保障水平。结论系统具有良好的实用性和可拓展性;值得推广。,-,"cc2530芯片, rfid标签, zigbee无线网, 急救设备系统, 条码管理, 模拟电话",李姜辉;侯君子;王力;盖淑萍;黄华;伍洪;李晓妍;朱俊," 中国人民解放军第三零九医院医学工程科,  中国人民解放军第三零九医院移植ICU,  约克大学电子系    4,  中国科学院电子学研究所","Institute of Electronics, Chinese Academy of Sciences (中国科学院电子学研究所), 中国人民解放军第三零九医院医学工程科, 中国人民解放军第三零九医院移植ICU",中国医疗设备,https://kns.cnki.net/kcms/detail/detail.aspx?dbcode=CJFD&dbname=CJFD2014&filename=YLSX201405008,"Very High (EL), Extreme, Extreme",CC2530
"Jan 30, 2014 @ 19:00:00.000",Hardware method for acoustical signal compressed sensing based on CC2530,A method for acoustic signal compressed sensing based on CC2530was introduced.On the basis of the sparse character;combining the compressed sensing theory;the stochastic sparse sampling was accomplished on hardware platform.Besides;aproper optimization for signal processing was made.Accordingly;this method lessened sensor node’s communication and calculation requirements.Using orthogonal matching pursuit（OMP）algorithm to reconstruct original signal;agood reconstruction result was acquired.Experimental results showed that;under the hardware condition of CC2530;the method according to CS could reduce the conventional sampling frequency by 80%.,-,"acoustical signal, compressed sensing, orthogonal matching pursuit, sparse sampling, wireless sensor network",ZHANG Jin-cheng;WANG Quan;L Fang-xu,"Missile College,Air Force Engineering University","Air Force Engineering University (中国人民解放军空军工程大学), Air Force Engineering University (中国人民解放军空军工程大学), Air Force Engineering University",Core;Computer Engineering and Design.,https://kns.cnki.net/kcms/detail/detail.aspx?dbcode=CJFD&dbname=CJFD2014&filename=SJSJ201407019,"Very High (Defense & Security Affiliated Research Universities)
, Very High (1286)
, Extreme",CC2530
"Jan 30, 2014 @ 19:00:00.000",Design of Emergent Equipment System Based on ZigBee Wireless Network in the Hospital,Objective To design an emergent equipment system based on ZigBee wireless network in the hospital. Methods Based on the emergent equipment dictionary and CC2530 chip; the hardwares and softwares of the system were designed with ZigBee wireless network by embedding RFID tag; timekeeping and charging display module; technical support module. Thus the scientific management of emergent equipment in the hospital has been implemented with the system. Results The service effi ciency and security level of emergent equipment have been enhanced effectively and scientifi cally with the system. Conclusion The system with good practicability and expansibility should be promoted.,-,"analog telephone, barcode management, cc2530 chip, emergent equipment system, rfid tag, zigbee wireless network",GAI Shu-ping;LI Jiang-hui;WU Hong;WANG Li;HOU Jun-zi;LI Xiao-yan;HUANG Hua;ZHU Jun,"Institute of Electronics, Chinese Academy of Sciences, Intensive Care Unit of Transplantation Center, The 309th Hospital of PLA, The 309th Hospital of PLA, Department of Electronics, University of York, University of Chinese Academy of Sciences, Department of Medical Engineering",The 309th Hospital of PLA,China Medical Devices.,https://kns.cnki.net/kcms/detail/detail.aspx?dbcode=CJFD&dbname=CJFD2014&filename=YLSX201405008,Extreme,CC2530
"Jan 30, 2014 @ 19:00:00.000",A method of multi-signal generation with highly efficient;flexible characteristic,This paper proposes a design and implementation of multi-signal generation with highly efficient; flexible and realtime characteristic. The proposed method maks use of various technologies including digital quadrature modulation（DQM）; farrow filter interpolation; signal combination to simulate multi-system and multi-mode communication signal enviroment. We implement all the designs to generate multi-signal scenes that gives frequencies between 110MHz and 170MHz in a standalone system including single FPGA and DAC5688 chips. The test results show that we can simultaneously generate 10 routine or spread spectrum signals with varaible modulation; code-rate; amplitude; frequency and phase. The DAC5688 output has a harmonic suppression up to 60dB out of instantaneous band; and suppression up to 40dB within instantaneous band.,-,"digital quadrature modulation（dqm）, fpga implementation, garrow filter, multi-signal generation",HUANG Ya-zheng;HAN Yu;WANG Fei;CHANG Qi,"Unit 93575 of PLA, The 36th Institute of CETC, National Laboratory of Information Control Technology for Communication System",Unit 93575 of PLA,Electronic Design Engineering.,https://kns.cnki.net/kcms/detail/detail.aspx?dbcode=CJFD&dbname=CJFD2014&filename=GWDZ201408045,Extreme,DAC5688
"Jan 30, 2014 @ 19:00:00.000",Design of Morse Code Training Equipment Based on TMS320F28335,Aiming to solve the problem of inconvenience of using;poor adaptability;low recognition rate and low recognition speed;a new training equipment based on TMS320F28335 is designed to fulfill telegraph sending and receiving training;the identification result is displayed by LCD or transmitted to PC in real-time.The circuit generates monitoring sound fed back to operator.The recognition algorithm is improved by using fuzzy clustering algorithm;the recognition accuracy and adaptability is improved.The training equipment can recognize Morse Code at a speed of 5~100WPM.The application shows that the equipment is stable and reliable;recognition speed;has a certain practicality and promotional worthy.,-,"dot-dash code, morse code, recognition algorithm, tms320f28335",Hou Zhefei;Wang Yunpeng;Wang Hongzhi,"Dalian Air Force Communication ,NCO Academy",Dalian Air Force Communication,Core;Computer Measurement ＆ Control.,https://kns.cnki.net/kcms/detail/detail.aspx?dbcode=CJFD&dbname=CJFD2014&filename=JZCK201408101,Extreme,TMS320F28335
"Dec 31, 2013 @ 19:00:00.000",Design of Double 1GBase-T Ethernet Based on 8-Core Floating-point DSP,A single Gigabit Ethernet port cannot satisfy the system requirements;using PCIe or RapidIO port can further improve the interface rate;but this method will add system complexity;and either port cannot be connected directly to most available equipments.For this purpose;the paper presents a dual Gigabit Ethernet ports interface technology;the network data transfer rate are increased by 2 times.Based on the multicore DSP chip TMS320C6678;this paper introduces the communication design of the double Gigabit Ethernet port;and the software and hardware design are given in detail.,单个千兆网口无法满足一些系统的需求。采用PCIe或者RapidIO接口可以进一步提高接口速率;但加大了系统的复杂度;而且和大部分既有设备无法直接连接。为此;本文提出一种双千兆网口接口实现技术;将网络数据传输速率提高2倍。以多核DSP芯片TMS320C6678为应用平台;介绍了双千兆网口的通信设计方法以及详细的软硬件设计方法。,"1gbase-t ethernet, dsp, multicore",Wang Anmin;Liu Debao;Han Daowen,"同方电子科技有限公司研究所, 解放军电子工程学院",解放军电子工程学院,单片机与嵌入式系统应用 ;Microcontrollers & Embedded Systems ; Editorial E-mail ;2014(01),http://eng.oversea.cnki.net/kcms/detail/detail.aspx?filename=DPJY201401021&dbcode=CJFD&dbname=CJFD2014,Extreme,TMS320C6678
"Nov 30, 2013 @ 19:00:00.000",Optimization of optical Image Gaussian smoothing filtering based on DSP,Gaussian smoothing filtering has a good performance in averaging the noise and preserving the edge. However;the large amount of calculation limits its application in real- time image processing system. Consequently;in view of the decomposability of the Gaussian smoothing mask;an optimized Gaussian smoothing filtering method which achieves successive convolution within single traversal is proposed in this paper. Firstly;reading 4 × 8 image area is as a basic operation unit to reduce data access. Secondly;lateral convolution is parallelly computed by using the inline function;to longitudinal convolution is calculated by recomposing and reusing lateral convolution results. Finally;the image with basic operation unit is traversed;smoothing filtering results are calculated. The experimental results show that the optimized code execution time is improved more than 35 times compared to the original C code when a 320 × 240 × 8bit image is smoothed based on TMS320C6455. The proposed method has great value in engineering application.,高斯平滑滤波方法具有优良的噪声平滑性能和边缘保留能力;但运算量相对较大;限制了其在实时图像处理系统中的应用。本文基于高斯平滑掩膜的可分解性;提出了一种单次遍历实现两次卷积的高斯平滑滤波DSP优化方法。首先;依次打包读取4×8图像区域作为基本运算单元;有效降低对数据的重复访问其次;在基本运算单元内;利用内联函数并行计算横向模板的一次卷积然后;重组并复用横向模板卷积单元直接进行纵向模板的二次卷积。最后;以基本运算单元为单位遍历处理图像;计算平滑滤波结果。实验表明;利用TMS320C6455定点DSP对一幅320×240×8bit图像进行5×5高斯模板滤波耗时0.187ms;是优化前滤波耗时的1/35;具有较大的工程应用价值。,"algorithm optimization, dsp, gaussian smoothing filtering, optical image, real-time",Li Xiao - Peng;Niu Zhao - Dong;Tang Da;Wang Ding - He;Chen Zeng - Ping,"国防科学技术大学ATR重点实验室, 中国人民解放军77108部队",中国人民解放军77108部队,激光与红外 ;Laser & Infrared ; Editorial E-mail ;2013(12),http://eng.oversea.cnki.net/Kcms/detail/detail.aspx?filename=JGHW201312021&dbcode=CJFD&dbname=CJFD2013,Extreme,TMS320C6455
"Nov 30, 2013 @ 19:00:00.000",Digital Rudder Control System Based on DSP,This paper proposed a digital rudder control system using TMS320F2812 Digital Signal Processor (DSP).Through analysis of the principle of operation;the system is designed with a three-closed loop control;namely the current、speed and position loop control;The hardware design.Principle and control tactic of the electrical servo system are described in detail.Experimental results show that the system has well dynamic and static characteristics.,以DSP芯片TMS320F2812为控制器设计了数字舵机控制系统;分析了系统的组成;充分利用了DSP芯片适合于电机运动控制系统的特点;设计了电流、转速、位置三闭环的无刷直流电机控制系统。本文介绍了系统的原理、硬件设计及控制策略;并进行试验研究。试验结果表明;此系统具有良好的动态和静态特性。,"brushless dc motor, digital rudder, dsp, pwm control",Chen Chunxi;Hou Wen;Xiong Xiaoli;Kong Xiangji,"中北大学, 中国人民解放军驻061基地军事代表室","North University of China (中北大学), North University of China (中北大学), 中国人民解放军驻061基地军事代表室",电子测试 ;Electronic Test ; Editorial E-mail ;2013(13),http://eng.oversea.cnki.net/Kcms/detail/detail.aspx?filename=WDZC201313017&dbcode=CJFD&dbname=CJFD2013,"Very High (Defense & Security Affiliated Research Universities)
, Very High (1286)
, Extreme",TMS320F2812
"May 31, 2013 @ 20:00:00.000",Design of an Infrared Guidance Control Information Processing System Based on DSP and FPGA,Based on an analysis of the infrared guidance control information data processing system function;a design of system based on DSP(TMS320C6414) and FPGA(XC2V2000-FG676) is put forward;an the working principle;hardware and software of the design and its realization are presented.DSP is used for the signal collection and procession of the image processing unit.The host control electric circuit function parties realized by FPGA logic design.This design has great value and wide applications in the future in IR imaging tracking systems.,针对红外制导控制信息数据处理系统的功能分析;提出了采用DSP+FPGA的设计方案;即一种基于TMS320C6414与XC2V2000-FG676的信息数据处理系统设计方案;并从工作原理、硬件以及软件3个方面介绍了该系统的设计和实现方法。由DSP完成图像采集单元的信号采集及处理;由FPGA逻辑设计完成主机控制电路功能部分。本设计具有较高的通用性和可靠性;在红外成像导引系统中具有较高的实用价值和应用前景。,"data processing system function analysis, image processing, infrared guidance control information, tms320c6414, xc2v2000-fg676",Tan Zhen;Zhang Wanzhen;Sun Aizhong;Liu Bing,"中国人民解放军空军驻西北地区军事代表室, 中国航空工业西安航空计算技术研究所6室",中国人民解放军空军驻西北地区军事代表室,电子科技 ;Electronic Science and Technology ; Editorial E-mail ;2013(06),http://eng.oversea.cnki.net/Kcms/detail/detail.aspx?filename=DZKK201306004&dbcode=CJFD&dbname=CJFD2013,Extreme,TMS320C6414
"May 31, 2013 @ 20:00:00.000",基于DSP和FPGA的红外信息数据处理系统,Based on an analysis of the infrared guidance control information data processing system function;a design of system based on DSP(TMS320C6414) and FPGA(XC2V2000-FG676) is put forward;an the working principle;hardware and software of the design and its realization are presented.DSP is used for the signal collection and procession of the image processing unit.The host control electric circuit function parties realized by FPGA logic design.This design has great value and wide applications in the future in IR imaging tracking systems.,针对红外制导控制信息数据处理系统的功能分析;提出了采用DSP+FPGA的设计方案;即一种基于TMS320C6414与XC2V2000-FG676的信息数据处理系统设计方案;并从工作原理、硬件以及软件3个方面介绍了该系统的设计和实现方法。由DSP完成图像采集单元的信号采集及处理;由FPGA逻辑设计完成主机控制电路功能部分。本设计具有较高的通用性和可靠性;在红外成像导引系统中具有较高的实用价值和应用前景。,"data processing system function analysis, image processing, infrared guidance control information, tms320c6414, xc2v2000-fg676",ZHANG Wanzhen1;SUN Aizhong1;TAN Zhen2;LIU Bing1,"中国人民解放军空军驻西北地区军事代表室, 1.The 6th Room,AVIC Xi’an Aviation Institute of Computing Technology,Xi’an 710068,China2.Military Representative Office,Chinese PLA Air Force in Northwest China,Xi’an 710068,China, 中国航空工业西安航空计算技术研究所6室","中国人民解放军空军驻西北地区军事代表室, Chinese PLA Air Force in Northwest China",//DZKK.cbpt.cnki.net,https://web02.cnki.net/kcms/detail/detail.aspx?filename=DZKK201306004&dbcode=BQZJ&dbname=BQZSLKCJFD2013&v=,"Extreme, Extreme",TMS320C6414
"Apr 30, 2013 @ 20:00:00.000",Design of MIL-STD-1553B Terminal Based on FPGA,This article researched the MIL-STD-1553B bus terminal based on the FPGA and designed it in details.In the designation the DSP(TMS320F2812)was adopted as the main processor of the 1553B bus terminal;the FPGA(XC3S500E)as the 1553B protocol chip.The research carried out the circuit designations of the bus coupling、timer management、DSP、FPGA interaction and so on;and accomplished the function of the 1553B bus communication using the language of VHDL.The experiment shows that the design implement two kinds of terminal functions;and it can process a variety of message communications in multiple formats;and have great function of detect error.According to the actual project applying;the bus terminal was confirmed to have high real-timing;reliable performance and had certain application and promotion value.,详细设计了基于FPGA的MIL-STD-1553B总线终端;采用了DSP(TMS320F2812)作为1553B总线终端的主处理器;FPGA(XC3S500E)作为1553B协议芯片;开展了总线耦合、时钟管理、DSP及FPGA交互等电路设计;并通过VHDL语言实现了1553B总线通讯功能通过实验证证明该设计能够完成BM/RT两种模式的工作;能处理多种消息格式的传输;并具有较强的检错能力通过实际工程使用;该终端实时性好;性能可靠;具有一定的应用推广价值。,"dsp, fpga, mil-std-1553b",Man Yuanchen;Cai Dongsheng;Cao Yu;Yin Zhanfang;Yang Fuguang,"中国人民解放军94270部队, 山东交通学院, 北京航天测控技术有限公司",中国人民解放军94270部队,计算机测量与控制 ;Computer Measurement & Control ; Editorial E-mail ;2013(05),http://eng.oversea.cnki.net/kcms/detail/detail.aspx?filename=JZCK201305059&dbcode=CJFD&dbname=CJFD2013,Extreme,TMS320F2812
"Apr 30, 2013 @ 20:00:00.000",基于TMS320F2812的编码器电子学设计与实现,In order to overcome the disadvantages in the plan of dealing with the traditional encoder circuit; such as lots of discrete component; lots of adjustment potentiometer; low integration level and the loss of signal precision due to the large discreteness of the vidicon’s current value; this paper has posed an encoder design and realization based on high speed signal processor TMS320F2812 which was used as a processor core. This design has a new circuit process plan of miniaturization; intellectualization; and simplification. The design of the new plan can ensure the timeliness of the signal process and the data process time of the encoder is about 50us can deal with large numbers of data; such as the detection of signal amplitude; the inspection of signal encode channel and the wrong carry and the fast calculation of signal parameter can exchange data with PC quickly and realize the auto adjust of the precise code’s amplification parameter; amplitude parameter and the coarse code’s amplitude electrical level; which is convenient for the maintenance in the future and the periodical self maintenance to the encoder carried out by the user.,为克服传统的编码器电路处理方案中存在的诸多弊端;如分立元件多、调整电位器多、集成度低及由于光电信号电流值的离散性比较大而造成的信号精度损失等;本文提出基于高速信号处理器TMS320F2812为处理内核的编码器电子学设计与实现;该设计具有小型化、智能化、简单化的新型电路处理方案。新方案的设计确保了信号处理的实时性;编码器数据处理时间约为50us能够进行大量的数据处理工作;如信号幅值的检测;码道的检查;进位错误检查;信号参数的快速计算能够与PC机进行快速的数据交换实现精码信号的放大参数、幅值参数;粗码信号的鉴幅电平的自动调整;便于日后的维护;方便用户定期对编码器进行自维护工作。,"encoder, intellectualization, tms320f2812",-,"Li Changchun Tan Guangtong Li ji, 1245部队, 91245 Troops Liaoning Hu Ludao 125001",1245部队,//WDZC.cbpt.cnki.net,https://web02.cnki.net/kcms/detail/detail.aspx?filename=WDZC201305018&dbcode=BQZJ&dbname=BQZSLKCJFD2013&v=,Extreme,TMS320F2812
"Apr 30, 2013 @ 20:00:00.000",基于FPGA的1553B总线终端设计,This article researched the MIL-STD-1553B bus terminal based on the FPGA and designed it in details.In the designation the DSP(TMS320F2812)was adopted as the main processor of the 1553B bus terminal;the FPGA(XC3S500E)as the 1553B protocol chip.The research carried out the circuit designations of the bus coupling、timer management、DSP、FPGA interaction and so on;and accomplished the function of the 1553B bus communication using the language of VHDL.The experiment shows that the design implement two kinds of terminal functions;and it can process a variety of message communications in multiple formats;and have great function of detect error.According to the actual project applying;the bus terminal was confirmed to have high real-timing;reliable performance and had certain application and promotion value.,详细设计了基于FPGA的MIL-STD-1553B总线终端;采用了DSP(TMS320F2812)作为1553B总线终端的主处理器;FPGA(XC3S500E)作为1553B协议芯片;开展了总线耦合、时钟管理、DSP及FPGA交互等电路设计;并通过VHDL语言实现了1553B总线通讯功能通过实验证证明该设计能够完成BM/RT两种模式的工作;能处理多种消息格式的传输;并具有较强的检错能力通过实际工程使用;该终端实时性好;性能可靠;具有一定的应用推广价值。,"dsp, fpga, mil-std-1553b",Yang Fuguang3;Cao Yu2;Yin Zhanfang1;Man Yuanchen2;Cai Dongsheng2,"中国人民解放军94270部队, 1.Unit 94270,PLA of China,Jinan 250117,China2.Beijing Aerospace Measurement & Control Technology Co.Ltd, Beijing 100041,China3.Shan Dong JiaoTong University,Jinan 250023,China, 山东交通学院, 北京航天测控技术有限公司","中国人民解放军94270部队, PLA of China",//JZCK.cbpt.cnki.net,https://web02.cnki.net/kcms/detail/detail.aspx?filename=JZCK201305059&dbcode=BQZJ&dbname=BQZSLKCJFD2013&v=,"Extreme, Extreme",TMS320F2812
"Mar 31, 2013 @ 20:00:00.000",基于TPS73HD318的DSP电源电路的设计,-,基于TPS73HD318设计了TMS320C6000系列的DSPTMS320C6201的电源电路;给出了设计中的关键问题和注意事项;通过准确合理的设计;保证DSP系统工作的稳定性和可靠性。,-,-,武警警官学院信息工程系,武警警官学院信息工程系,//HBYD.cbpt.cnki.net,https://web02.cnki.net/kcms/detail/detail.aspx?filename=HBYD201304035&dbcode=BQZJ&dbname=BQZSLKCJFD2013&v=,Extreme,
"Jan 30, 2013 @ 19:00:00.000",光学图像高斯平滑滤波的DSP优化,高斯平滑滤波方法具有优良的噪声平滑性能和边缘保留能力;但运算量相对较大;限制了其在实时图像处理系统中的应用。本文基于高斯平滑掩膜的可分解性;提出了一种单次遍历实现两次卷积的高斯平滑滤波DSP优化方法。首先;依次打包读取4×8图像区域作为基本运算单元;有效降低对数据的重复访问;其次;在基本运算单元内;利用内联函数并行计算横向模板的一次卷积;然后;重组并复用横向模板卷积单元直接进行纵向模板的二次卷积。最后;以基本运算单元为单位遍历处理图像;计算平滑滤波结果。实验表明;利用TMS320C6455定点DSP对一幅320×240×8bit图像进行5×5高斯模板滤波耗时0.187ms;是优化前滤波耗时的1/35;具有较大的工程应用价值。,-,"光学图像, 实时, 数字信号处理器, 算法优化, 高斯平滑滤波",汤达;李晓鹏;陈曾平;王丁禾;牛照东," 国防科学技术大学ATR重点实验室,  中国人民解放军77108部队",中国人民解放军77108部队,北大核心;激光与红外,https://kns.cnki.net//kcms/detail/detail.aspx?filename=JGHW201312021&dbcode=CJFQ&dbname=CJFD2013&v=Nx659renwGOZMmEv3ulTWTBK33mtl5fRgHQSELyp6po1GiTlLxkwzotyNaaViu4r,Extreme,TMS320C6455
"Jan 30, 2013 @ 19:00:00.000",基于光阴影的降水粒子数据采集系统设计,基于当前降水类型识别精确的光阴影技术;采用高精度浮点DSP芯片TMS320F28335和数据转换芯片AD9240设计了降水粒子数据采集系统;并用Proteus仿真了信号处理电路;初步的试验结果表明:信号处理电路符合测量要求;设计的数据采集系统较好的实现了对模拟降水信号的采集。,-,"ad9240, tms320f28335, 光阴影, 数据采集, 降水粒子",王青梅;史倩义;郭利乐;何清芳," 南京信息工程大学,  北京航空气象防化研究所,  中国人民解放军94895部队82分队",中国人民解放军94895部队82分队,北大核心;激光与红外,https://kns.cnki.net//kcms/detail/detail.aspx?filename=JGHW201306014&dbcode=CJFQ&dbname=CJFD2013&v=Nx659renwGO5PVhMXIsj8rBrDA-f6fH9hG7oISd93spyO5RdiJbUm7edYo-KD7lH,Extreme,TMS320F28335
"Jan 30, 2013 @ 19:00:00.000",换能器参数自动测量系统设计,设计了换能器参数自动测量系统;以浮点DSP（digital signal processor）TMS320F28335为核心;具备扫频信号发射、A/D采集和通过串口与计算机通信的能力.系统能够根据显控软件设置;自动进行参数测量;并将测量结果回传至上位机.系统可以实现的自动测量项目包括:换能器发送电压响应级、接收灵敏度、空间指向性以及声学环境信噪比等.此外;显控功能还包括自动屏幕截图、Word报表生成、打印控制和错误提示等.系统的一系列测量过程能够全自动进行;在保证测量准确性的前提下;减轻了操作人员的工作强度;提高了效率.,-,"dsp, 换能器参数, 接收灵敏度, 自动测量系统",荣致斌;刘坤荣;王大成," 91550部队93分队,  哈尔滨工程大学水声技术国防科技重点实验室","Harbin Engineering University (哈尔滨工程大学), Harbin Engineering University (哈尔滨工程大学), Harbin Engineering University (哈尔滨工程大学), 91550部队93分队",应用科技,https://kns.cnki.net//kcms/detail/detail.aspx?filename=YYKJ201301015&dbcode=CJFQ&dbname=CJFD2013&v=sjLu2IPRAAW0JcEYk1cYqvoFTXJWPkEFk2DDEREIt141xGNL9LUmuhI2ij2MwFHX,"Very High (EL), Very High (Defense & Security Affiliated Research Universities)
, Very High (1286)
, Extreme",TMS320F28335
"Jan 30, 2013 @ 19:00:00.000",基于DSP的天文导航数据处理平台,根据天文导航系统数据量大、实时性要求高、数据接口多的特点;设计了由2片定点型DSP TMS320C6416和2片浮点型DSP TMS320C6711组成并行的MIMD系统用作天文导航数据处理平台;其中TMS320C6416完成通讯、随动控制解算、灰度图像处理和指令处理;TMS320C6711完成星历计算、天文解算和星点亚像素提取。该平台具有体积小、功耗低、重量轻等特点;能有效提高天文导航系统图像处理能力、系统实时性和数据输出率;具有功能强大、运算能力强、实时性好的特点。,-,"多指令流多数据流, 天文导航, 并行系统, 数据处理",杜辉;袁社旺,中国人民解放军92941部队95分队,中国人民解放军92941部队95分队,光学与光电技术,https://kns.cnki.net/kcms/detail/detail.aspx?dbcode=CJFD&dbname=CJFD2013&filename=GXGD201304018,Extreme,TMS320C6416; TMS320C6711
"Jan 30, 2013 @ 19:00:00.000",TinyOS在CC2530上的移植,针对TinyOS不支持CC2530平台的问题;首先分析TinyOS移植的可行性;其次完成了Timer组件、Adc组件、Radio组件、Uart组件、I/O组件和Flash组件在CC2530上的移植;最后验证了移植的正确性。结果表明;各组件均能正常工作;实现了TinyOS对CC2530平台的支持。,-,"cc2530, tinyos, 操作系统移植",何秀春;林语;刘军;张金榜," 武警工程大学研究生管理大队,  武警警官学院信息工程系,  武警工程大学信息工程系","武警工程大学研究生管理大队, 武警警官学院信息工程系, 武警工程大学信息工程系",北大核心;电子技术应用,https://kns.cnki.net//kcms/detail/detail.aspx?filename=DZJY201307016&dbcode=CJFQ&dbname=CJFD2013&v=amjJZ4muD_KL7EJljQfwfrsLVHeZuAWo82qc6Sk6gTKVH0UY_mNAYExqA-GIdFdU,"Extreme, Extreme, Extreme",CC2530
"Jan 30, 2013 @ 19:00:00.000",基于McBSP的DSP与FPGA间数据传输接口设计,针对TMS320C6416 DSP;为了实现嵌入式数据处理系统中DSP芯片与FPGA接口;提高数据传输速度;增强系统可靠性;给出了基于DSP芯片的同步多通道缓冲串行接口结合增强型直接存储器存取实现DSP与FPGA之间高速数据传输的原理、硬件与软件设计方案;该方案利用EDMA中断对收到的数据进行处理;采用内部缓存机制保证了数据的可靠传输;不需要占用CPU资源;并且电路设计简单;可靠性好;易于实现;具有一定的通用性。,-,"串行通信, 增强型直接存储器存取, 多通道缓冲串行口, 数据传输",闫改;郭晓光," 中国电子科技集团公司第五十四研究所,  中国人民解放军驻北京地区军事代表室  ","No. 54 Research Institute Of China Electronics Technology Group Corporation (中国电子科技集团公司第五十四研究所), 中国人民解放军驻北京地区军事代表室",无线电通信技术,https://kns.cnki.net//kcms/detail/detail.aspx?filename=WXDT201304027&dbcode=CJFQ&dbname=CJFD2013&v=PnbZJ0ZO3A0NTvb9ZLxSyDMqzUf2IABDhSAPew--DKRwdBhFV9qfcRYt7xbdY3Qr,"Very High (EL), Extreme",TMS320C6416
"Jan 30, 2013 @ 19:00:00.000",Design and realization of interconnect technique for high-speed data transmission between multi-processors,In order to satisfy the need of the high-speed data transmission between the multiple digital signal processors in the printed circuit board of the embedded system;this paper analyzes the common multiprocessor interconnect technology;designs the technology of the RapidIO between the multi-DSP to realize the communication within the multiprocessor in the PCB by SRIO protocols.According to the SRIO communication protocols;with the reasonable design between the two TMS320C6455 and the hardware configuration;the problem of the high-speed data transmission between the multiprocessors has been solved.Experiments show that this design of structure of the multi-DSP achieves the maximum speed of data reading and writing which arrives at the speed of 3.125Gb/s for each data transfer channel.Furthermore;this design supplies the reference mode for the interconnect technique based on the RapidIO communication protocols.,-,"data transmission, interconnect technique., srio, tms320c6455",-,"GAO Li-li1,ZHANG Hai-bin2(1.Hebei Yuandong Communication System Engineering Co.,Ltd.,Shijiazhuang 050081,China, 2.Bureau of Presidial in Tianjin of the Equipment Department of the Navy,Tianjin 300061,China)",2.Bureau of Presidial in Tianjin of the Equipment Department of the Navy,Electronic Instrumentation Customers.,https://kns.cnki.net/kcms/detail/detail.aspx?dbcode=CJFD&dbname=CJFD2013&filename=DZYQ201302003,Extreme,TMS320C6455
"Jan 30, 2013 @ 19:00:00.000",Design of an Infrared Guidance Control Information Processing System Based on DSP and FPGA,Based on an analysis of the infrared guidance control information data processing system function;a design of system based on DSP（TMS320C6414） and FPGA（XC2V2000-FG676） is put forward;an the working principle;hardware and software of the design and its realization are presented.DSP is used for the signal collection and procession of the image processing unit.The host control electric circuit function parties realized by FPGA logic design.This design has great value and wide applications in the future in IR imaging tracking systems.,-,"data processing system function analysis, image processing, infrared guidance control information, tms320c6414, xc2v2000-fg676",-,"2.Military Representative Office,Chinese PLA Air Force in Northwest China,Xi’an 710068,China), SUN Aizhong1,ZHANG Wanzhen1,LIU Bing1,TAN Zhen2(1.The 6th Room,AVIC Xi’an Aviation Institute of Computing Technology,Xi’an 710068,China",Chinese PLA Air Force in Northwest China,Electronic Science and Technology.,https://kns.cnki.net/kcms/detail/detail.aspx?dbcode=CJFD&dbname=CJFD2013&filename=DZKK201306004,Extreme,TMS320C6414
"Jan 30, 2013 @ 19:00:00.000",A Embedded Data-processing Platform for Celestial Navigation System,The celestial navigation system has the features of large amount of data;real-time requirement and more data interface.A parallel MIMD system of celestial navigation data processing platform is designed by 2 fix-point type DSP TMS3320C6416 and two floating-point DSP TMS320C6711.Communication control settlement;gray image processing and processing instructions are finished in TMS3320C6416.Ephemeris calculation;astronomical calculation and star sub pixel extraction are completed in TMS320C6711.The platform has the advantages of small volume;low power consumption;light weight;and which can effectively improve the celestial navigation system image processing capability;real time calculation ability and data output rate.It is a system with strong operation ability and good real-time characteristics.,-,"celestial navigation, data-processing, mimd, parallel architecture, parallel system",DU Hui YUAN She-wang,"92941 Unit of PLA,Huludao 125001,China",92941 Unit of PLA,Optics ＆ Optoelectronic Technology.,https://kns.cnki.net/kcms/detail/detail.aspx?dbcode=CJFD&dbname=CJFD2013&filename=GXGD201304018,Extreme,TMS320C6711
"Jan 30, 2013 @ 19:00:00.000",基于DSP2812的PWM方案设计,本文研究了基于DSP2812的PWM方案;实现了由DSP控制的PWM波形输出;并通过软件编程得到占空比不同的PWM脉冲序列;完成了PWM信号到模拟信号的数模转换（D/A）功能。实验结果表明;应用DSP的PWM输出;具有极强的可控性;且PWM经过简单的变换电路就可以实现DAC;这不仅能提高DAC调制信号的精度;还将大大降低数模转换设备成本。,-,"tms320f2812, 数模转换, 脉宽调制（pwm）",刘晓兴,中国人民解放军91918部队,中国人民解放军91918部队,Computer CD Software and Applications.,https://kns.cnki.net/kcms/detail/detail.aspx?dbcode=CJFD&dbname=CJFDAUTO&filename=GPRJ201314030,Extreme,TMS320F2812
"Dec 31, 2012 @ 19:00:00.000",Design of transducer parameters automatic measurement system,This paper examines the design of the automatic measurement system for transducer parameters;which uses floating-point digital signal processor(DSP) TMS320F28335 as the core;having the abilities of the frequency sweeping signal transmission;A/D acquisition and serial communication with the computer.The system can be set according to the display and control software;measuring parameters automatically and sending the results back to the host computer.The automatic measurement that can be achieved by the system includes the response level of transducer sending voltage;receiver sensitivity;spatial directivity and signal-to-noise ratio of the acoustic environment.In addition;the display and control functions also include automatic screenshot;generation of Word report;printing control and error warning;etc.A series of measurement process of the system can be done fully automatically.On the premise of ensuring accuracy of measurement;the system can reduce working strength of the operators;and thus improve efficiency.,设计了换能器参数自动测量系统;以浮点DSP(digital signal processor)TMS320F28335为核心;具备扫频信号发射、A/D采集和通过串口与计算机通信的能力.系统能够根据显控软件设置;自动进行参数测量;并将测量结果回传至上位机.系统可以实现的自动测量项目包括:换能器发送电压响应级、接收灵敏度、空间指向性以及声学环境信噪比等.此外;显控功能还包括自动屏幕截图、Word报表生成、打印控制和错误提示等.系统的一系列测量过程能够全自动进行;在保证测量准确性的前提下;减轻了操作人员的工作强度;提高了效率.,"automatic measurement system, dsp, receiver sensitivity, transducer parameters",",Harbin ,China;Rong Zhibin,Wang Dacheng,Liu Kunrong .Unit No.9,Troop 9,Dalian ,China .National Laboratory Of Underwater Acoustic Technology,Harbin Engineering","哈尔滨工程大学水声技术国防科技重点实验室, 91550部队93分队","Harbin Engineering University (哈尔滨工程大学), Harbin Engineering University (哈尔滨工程大学), Harbin Engineering University (哈尔滨工程大学), 91550部队93分队",应用科技 ;Applied Science and Technology ; Editorial E-mail ;2013(01),https://eng.oversea.cnki.net/kcms/detail/detail.aspx?filename=YYKJ201301015&dbcode=CJFD&dbname=CJFD2013,"Very High (EL), Very High (Defense & Security Affiliated Research Universities)
, Very High (1286)
, Extreme",TMS320F28335
"Dec 31, 2012 @ 19:00:00.000",基于CC2530的脉搏感知节点设计,Aimming at the issues such as valuableness;greater volume;bad flexibility and bad expansibility of the epuipment of pulse collection;this paper brings forward the scheme that makes CC2530 chip as the manipulative chip of pulse apperceive node which is composed of microprocessor and radio frequency chip.CC2530 chip controls the collection;disposing;sending and accept to administer the power and task.Experiments show that the node has the characteristics of low power consumption;high accuracy;better real time;stable and reliable perforemances;small size;high aqility and flexible operation.,针对现有脉搏采集装置价格昂贵、体积大、灵活性和扩展性差等问题;提出采用集微处理器和RF功能于一体的CC2530作为脉搏感知节点的主控芯片。CC2530控制感知节点的信号采集、处理和发送;实现功耗管理和任务管理。实验结果表明;该设计的感知节点具有功耗低、精度高、实时性强、稳定可靠、体积小、灵活性高和操作方便的特点。,"cc2530, program design, pulse apperceiving",Feng Yu2;Liu Jun1;Yu Xiangzhen1;Kong Xiangjin2;Zhang Jinbang2,"1.Department of Information Engineering,Engineering University of CAPF,Xi ′ an 710086,China2.Graduate Management Team,Engineering University of CAPF,Xi′ an 710086,China, 武警工程大学信息工程系, 武警工程大学研究生管理大队","武警工程大学信息工程系, 武警工程大学研究生管理大队",//DZJY.cbpt.cnki.net,https://web02.cnki.net/kcms/detail/detail.aspx?filename=DZJY201301020&dbcode=BQZJ&dbname=BQZSLKCJFD2013&v=,"Extreme, Extreme",CC2530
"Dec 31, 2012 @ 19:00:00.000",基于ZigBee技术的脉搏监测节点软件设计,A software design program of the wireless sensor network monitoring node was described.This program uses the CC2530 RF chip based on ZigBee techbology;and brings up the software design method for coordinator node and router node in ZigBee network.Software solutions built on the ZigBee 2007 protocol stack;and uses events and tasks scheduling mechanism;and monitoring of human physiology and health indicators what is pluse signal.The experimental results show that the nodes work in stable condition.The failure rate;and can accurately collect the pulse signal data;and has broad application prospects.,介绍了一种无线传感网络监测节点的软件设计方案。该方案利用了基于ZigBee技术的射频芯片CC2530;提出了ZigBee网络中的协调器节点和路由器节点的软件设计方法。软件方案建立在ZigBee 2007协议栈的基础上。利用事件、任务调度机制;对人体生理健康重要的指标脉搏信号进行监测。实验结果表明;节点工作状态稳定;故障率低;可以准确地对脉搏信号数据进行采集;具有广阔的应用前景。,wireless sensor networks zigbee cc2530 pluse monitoring,-,"武警工程学院通信工程系, 西安工业大学电子信息工程学院, LIU Jun 1, QI Hua 2, ZHENG Tong-tong 2, China Engineering College of Armed Police Force,Xi’an 710086,P.R.ChinaCollege of Electronic and Information Engineering,Xi’an Technological University 2,Xi’an 710032,P.R.China","Xi'an Technological University (西安工业大学), Xi’an Technological University (西安工业大学), 武警工程学院通信工程系",//KXJS.cbpt.cnki.net,https://web02.cnki.net/kcms/detail/detail.aspx?filename=KXJS201301029&dbcode=BQZJ&dbname=BQZSLKCJFD2013&v=,"Very High (Defense & Security Affiliated Research Universities)
, Very High (1286)
, Extreme",CC2530
"Dec 31, 2012 @ 19:00:00.000",换能器参数自动测量系统设计,This paper examines the design of the automatic measurement system for transducer parameters;which uses floating-point digital signal processor(DSP) TMS320F28335 as the core;having the abilities of the frequency sweeping signal transmission;A/D acquisition and serial communication with the computer.The system can be set according to the display and control software;measuring parameters automatically and sending the results back to the host computer.The automatic measurement that can be achieved by the system includes the response level of transducer sending voltage;receiver sensitivity;spatial directivity and signal-to-noise ratio of the acoustic environment.In addition;the display and control functions also include automatic screenshot;generation of Word report;printing control and error warning;etc.A series of measurement process of the system can be done fully automatically.On the premise of ensuring accuracy of measurement;the system can reduce working strength of the operators;and thus improve efficiency.,设计了换能器参数自动测量系统;以浮点DSP(digital signal processor)TMS320F28335为核心;具备扫频信号发射、A/D采集和通过串口与计算机通信的能力.系统能够根据显控软件设置;自动进行参数测量;并将测量结果回传至上位机.系统可以实现的自动测量项目包括:换能器发送电压响应级、接收灵敏度、空间指向性以及声学环境信噪比等.此外;显控功能还包括自动屏幕截图、Word报表生成、打印控制和错误提示等.系统的一系列测量过程能够全自动进行;在保证测量准确性的前提下;减轻了操作人员的工作强度;提高了效率.,"automatic measurement system, dsp, receiver sensitivity, transducer parameters",RONG Zhibin1;WANG Dacheng2;Troop 91550;Dalian 116023;China;Harbin 150001,"哈尔滨工程大学水声技术国防科技重点实验室, China 2.National Laboratory of Underwater Acoustic Technology, LIU Kunrong2 1.Unit No.93, Harbin Engineering University, 91550部队93分队","Harbin Engineering University (哈尔滨工程大学), Harbin Engineering University (哈尔滨工程大学), Harbin Engineering University (哈尔滨工程大学), 91550部队93分队",//YYKJ.cbpt.cnki.net,https://web02.cnki.net/kcms/detail/detail.aspx?filename=YYKJ201301015&dbcode=BQZJ&dbname=BQZSLKCJFD2013&v=,"Very High (EL), Very High (Defense & Security Affiliated Research Universities)
, Very High (1286)
, Extreme",TMS320F28335
"Nov 30, 2012 @ 19:00:00.000",Research on Multicore Processor’s Architecture Based on TMS320C6678,To fully exploit the performance of multicore DSP;it studies the architecture of multicore DSP in the light of computer architecture with a knowledge of TMS320C6678 issued by TI.On the basis of the architecture of C66x core;on-chip interconnection network;shared memory struction and inter-core communication are futher studied;the performance of the DSP tested with certain algorithm;and finally concluded with the development tendency of multicore DSP.,为充分挖掘多核DSP性能;从计算机系统结构的角度出发;结合对TI的TMS320C6678的认识;开展了对多核DSP体系结构的研究.在C6678单核结构的基础上;分析了片内互联网络;共享存储结构及核间通信技术;并采用相关算法验证多核DSP的性能;最后提出了多核DSP的发展方向.,"architecture, mulitcore dsp, tms320c6678",Hao Peng-Peng;Tang Yi-Jing;Xiao Yu;Zhou Xu-Lin,"西安微电子技术研究所, 中国人民解放军边防学院",中国人民解放军边防学院,微电子学与计算机 ;Microelectronics & Computer ; Editorial E-mail ;2012(12),http://eng.oversea.cnki.net/kcms/detail/detail.aspx?filename=WXYJ201212041&dbcode=CJFD&dbname=CJFD2012,Extreme,TMS320C6678
"Nov 30, 2012 @ 19:00:00.000",基于AVR单片机的超市智能购物系统设计,The software and hardware design of AVR processor Atmega128 and its application in intelligent supermarket shopping system are introduced.The ZigBee network node is designed based on the CC2530 chip.Through the Zigbee technology in combination with PC database function;the information transmission is realized in this system.The diven’s serial port terminal intelligent is used as man-machine interface.Taking full use of the functions in the infrared indoor locating technique;the person and product localization and tracking are realized.The system is convenient for use and has simple operation.It can realize intelligent shopping needs;also can make consumers shopping more convenient and quick.,较详尽地介绍了基于AVR单片机的超市智能购物系统的软硬件设计方案。系统以ATmega128单片机为主控芯片;采用TI公司的CC2530芯片;通过ZigBee技术结合PC机的数据库功能实现了超市智能购物系统中的信息传输;采用迪文串口智能显示终端作为人机交互界面;运用红外线室内定位技术很好地实现了超市人员和商品的定位和跟踪;系统操作简单、应用方便;很好地实现了智能购物的需求;使消费者购物更加方便快捷。,"atmega128, infrared locating, intelligent shopping, touch-screen, zigbee",SUN Kewei;LI Jianhai,"空军工程大学航空航天工程学院, Aerospace Engineering College,Air Force Engineering University,Xi’an 710038,China","Air Force Engineering University (中国人民解放军空军工程大学), Air Force Engineering University (中国人民解放军空军工程大学), Air Force Engineering University",//DSSS.cbpt.cnki.net,https://web02.cnki.net/kcms/detail/detail.aspx?filename=DSSS201219027&dbcode=BQZJ&dbname=BQZSLKCJFD2012&v=,"Very High (Defense & Security Affiliated Research Universities)
, Very High (1286)
, Extreme",CC2530
"Oct 31, 2012 @ 20:00:00.000",基于TMS320C6455的大尺寸非连续代码加载方法,Based on the analysis of the drawbacks of the conventional boot loader to load large-size non-continuous code;the paper creatively advances the tertiary boot loader;and describes in detail the design and implementation of this boot loader method in the TMS320C6455 platform.In the case of large-size non-contiguous code is loaded;the tertiary boot loader is a very good method to improve the low utilization of the Flash storage space and bad universalization of the boot loader code;and has been applied in major projects.,在分析传统加载方法加载大尺寸非连续代码存在的缺陷的基础上;提出了三级加载方法;并详细介绍了该方法在TMS320C6455平台上的设计与实现。三级加载方法很好地解决了大尺寸非连续的代码加载中Flash存储空间利用率低、代码通用性差的问题;已在重大工程项目中得到应用。,"flash, large-size non-continuous code, tertiary boot loader, tms320c6455",Liu Jinshan2;Shao Long1,"中国人民解放军95899部队, 中国电子科技集团公司第十研究所, 1.The 10th Institute of China Electronic Technology Group Corporation,Chengdu 610036,China 2.The Chinese PLA No95899 Troops,Beijing 100085,China","中国人民解放军95899部队, China 2.The Chinese PLA No95899 Troops",//DZJY.cbpt.cnki.net,https://web02.cnki.net/kcms/detail/detail.aspx?filename=DZJY201211017&dbcode=BQZJ&dbname=BQZSLKCJFD2012&v=,"Extreme, Extreme",TMS320C6455
"Aug 31, 2012 @ 20:00:00.000",Design and Realization of ECG Data Acquisition System Based on CC2530,Objective To perform real-time acquisition;wireless transmission and classified storage to realize later inquiry and repeated usage of ECG data and enhance the mobility and adaptability for home use.Methods ECG data acquired by two handheld electrodes went through A/D conversion and wireless transmission by CC2530 after filtration and amplification.Micro SD card was integrated and implanted into the file system to implement the effective storage of ECG data.Results Real-time acquisition and classified storage of ECG data could be realized by LabVIEW platform to display ECG wave form.Conclusion The acquisition node and storage node are realized respectively to improve the extendibility of the system.ECG data can be stored into Micro SD card for enhanced portability and later research.,目的:完成心电数据的实时采集、无线传输和分类存储;实现心电数据后期查询和重复使用;提高监护设备的移动性和广泛家用化。方法:通过2个手持电极采集的心电数据;经滤波放大后;通过CC2530单片机进行A/D转换和无线传输;集成Micro SD卡并植入文件系统实现心电数据的有效存储。结果:可以实时采集心电数据;并且能够实现分类存储;借助LabVIEW平台;实现心电波形显示。结论:将心电数据采集节点和存储节点分开实现;增强了系统的可扩展性。心电数据存储到Micro SD卡;便于随身携带和后期研究。,"cc2530, ecg, micro sd card, signal acquisition",Wang Guo-Jing;Ang Qing;Wang Wei-Dong,解放军总医院医学保障部医学工程保障中心,解放军总医院医学保障部医学工程保障中心,医疗卫生装备 ;Chinese Medical Equipment Journal ; Editorial E-mail ;2012(09),http://eng.oversea.cnki.net/kcms/detail/detail.aspx?filename=YNWS201209000&dbcode=CJFD&dbname=CJFD2012,Extreme,CC2530
"Aug 31, 2012 @ 20:00:00.000",Design of smart car based on CAN bus,This paper presents the design of smart car based on CAN bus; and describes the collection node based on SST89E564RD and the control node based on TMS320F2812 in detail. Finally; the hardware and software design and practical results of the whole system are given.,主要介绍了基于CAN总线的智能车的设计;详细描述了基于SST89E564RD微处理器的采集节点以及基于TMS320F2812DSP的控制节点;并给出了整个系统的软硬件设计及实现结果。,"can bus, smart car, sst89e564rd, tms320f2812",Zhang Ying;Yin Zhanfang,中国人民解放军94270部队,中国人民解放军94270部队,微型机与应用 ;Microcomputer & Its Applications ; Editorial E-mail ;2012(09),http://eng.oversea.cnki.net/Kcms/detail/detail.aspx?filename=WXJY201209010&dbcode=CJFD&dbname=CJFD2012,Extreme,TMS320F2812
"Aug 31, 2012 @ 20:00:00.000",基于SD卡的发动机参数采集存储系统设计,In order to meet the needs of the aero-engine performance test;a design of the embedded data acquisition storage system based on SD card is introduced;the high performance DSP processor MS320LF2407A is used as the main processor.In the offline mode;it can work independently from the upper machine;the collected engine parameters is stored in Flash and SD card in double backup;also can be in online mode;through USB port directly send data to first place machine for fault diagnosis and alarm.The SD card storage performance is tested by using improved March algorithm;and the results show that the system data record is accurate; data storage is stable and reliable.,为了满足航空发动机性能检测的需要;设计了一种基于SD卡的嵌入式数据采集存储系统;使用了高性能DSP处理器TMS320LF2407A作为主处理器。在离线的模式下可以脱离上位机独立工作;将采集到的发动机参数存入Flash和SD卡中双重备份;也可在联机模式下;通过USB口直接将数据传送至上位机进行故障诊断和报警。采用改进型March算法对该系统的SD卡存储性能做了测试;结果表明该系统数据记录准确;数据存储稳定可靠。,"acquisition storage, engine, sd card",WU Pei-gen~1;LUO Hai-xiao~;WANG Yu-qian~1;YANG Ji-ming~1,"中国人民解放军95034部队, 1,2, 空军工程大学工程学院, 1.Institute of Engineering,Air Force Engineering University,Xi’ an 710038,China2.95034 Unit of PLA,Tianyang 533616,China","Air Force Engineering University (中国人民解放军空军工程大学), Air Force Engineering University (中国人民解放军空军工程大学), 中国人民解放军95034部队, Air Force Engineering University, China2.95034 Unit of PLA",//IKJS.cbpt.cnki.net,https://web02.cnki.net/kcms/detail/detail.aspx?filename=IKJS201209009&dbcode=BQZJ&dbname=BQZSLKCJFD2012&v=,"Very High (Defense & Security Affiliated Research Universities)
, Very High (1286)
, Extreme, Extreme, Extreme",TMS320LF2407A
"Aug 31, 2012 @ 20:00:00.000",基于CC2530的心电数据采集存储系统的设计和实现,Objective To perform real-time acquisition;wireless transmission and classified storage to realize later inquiry and repeated usage of ECG data and enhance the mobility and adaptability for home use.Methods ECG data acquired by two handheld electrodes went through A/D conversion and wireless transmission by CC2530 after filtration and amplification.Micro SD card was integrated and implanted into the file system to implement the effective storage of ECG data.Results Real-time acquisition and classified storage of ECG data could be realized by LabVIEW platform to display ECG wave form.Conclusion The acquisition node and storage node are realized respectively to improve the extendibility of the system.ECG data can be stored into Micro SD card for enhanced portability and later research.,目的:完成心电数据的实时采集、无线传输和分类存储;实现心电数据后期查询和重复使用;提高监护设备的移动性和广泛家用化。方法:通过2个手持电极采集的心电数据;经滤波放大后;通过CC2530单片机进行A/D转换和无线传输;集成Micro SD卡并植入文件系统实现心电数据的有效存储。结果:可以实时采集心电数据;并且能够实现分类存储;借助LabVIEW平台;实现心电波形显示。结论:将心电数据采集节点和存储节点分开实现;增强了系统的可扩展性。心电数据存储到Micro SD卡;便于随身携带和后期研究。,"cc2530, ecg, micro sd card, signal acquisition",ANG Qing;WANG Guo-jing;WANG Wei-dong,"解放军总医院医学保障部医学工程保障中心, Center of Medical Engineering Support,Department of Medical Support,General Hospital of the PLA,Beijing 100853,China","解放军总医院医学保障部医学工程保障中心, General Hospital of the PLA",//YNWS.cbpt.cnki.net,https://web02.cnki.net/kcms/detail/detail.aspx?filename=YNWS201209000&dbcode=BQZJ&dbname=BQZSLKCJFD2012&v=,"Extreme, Extreme",CC2530
"May 31, 2012 @ 20:00:00.000",The design and realization of wireless monitoring system based on CC2530,Building the real-time monitoring network of staff;environment and objects of the secret place is of great significance to guarantee the security of the secret places.the traditional wired monitoring systems has lots of shortcomings such as much supplies;high cost;and power consumption.In this paper;a wireless monitoring network was set up by CC2530 chip based on zigbee wireless communication technology;and on this basis;the PC software and zigbee network software were designed;Finally;real-time monitoring of the environment and items was implemented in the classified building;including the system network test;the communication distance test and data transfer test.The test results showed that this system networked normally;data transmission was stable;the monitoring of the building worked well;and this system could be widely used in the monitoring of official places.,建立涉密场所的人员、环境、物体实时监控网络对保证涉密场所的安全具有十分重要的意义。本文针对传统有线监控系统耗材多、造价高、功耗大等缺点;采用CC2530芯片组建了基于ZigBee无线通信技术的无线监控网络;并在此基础上进行了上位机软件设计和ZigBee网络软件设计;最后对涉密大楼内部人员、环境和物品实施实时监控;进行了该系统的组网测试、通信距离测试以及数据传输测试。实验测试结果表明;本系统组网正常;数据传输稳定;能够很好的对大楼实施监控;可广泛应用于办公场所的监控领域。,"cc2530, wireless monitoring, zigbee","Gong Wenchao Wu Mengmeng Liu Shuangshuang(.Navy Submarine Academy,Qingdao,;.9 Military Army,Beijing,)","海军潜艇学院, 61569部队",61569部队,电子测量技术 ;Electronic Measurement Technology ; Editorial E-mail ;2012(06),http://eng.oversea.cnki.net/kcms/detail/detail.aspx?filename=DZCL201206008&dbcode=CJFD&dbname=CJFD2012,Extreme,CC2530
"May 31, 2012 @ 20:00:00.000",Resonant Frequency Tracking of Contractless Power Transmission System by a DSP Software Phase Locked Loop,It is known that the resonant operation of the coupled coils has important influences to reduce the reactive power and improve the transmission efficiency from the features of the resonant coupling circuit in the contractless power transmission(CPT) system.Based on above theory;a resonant frequency tracking method was presented in the CPT system by a DSP TMS320F2812 based software phase locked loop;and then the specific designing ideas and software flowcharts were introduced.Finally;the experimental results demonstrate the feasibility and effectiveness of this method.,由非接触电能传输系统中谐振耦合电路的特性可知;耦合线圈处于谐振状态对减少无功功率;提高系统传输效率具有重要影响。在此基础上提出采用基于数字信号处理器TMS320F2812的软件锁相技术实现非接触电能系统谐振频率的跟踪方法;给出了具体实现思路及软件流程图。实验结果验证了本方法的可行性和有效性。,"contractless power transfer(cpt), digital signal processors(dsp), frequency tracking, phase locked loop, series resonance",Niu Wang-Qiang;Meng Xiang-Cheng;Xu He-Teng;Liu Zhi-Min,"上海海事大学科学研究院, 空军95935部队",空军95935部队,电气传动 ;Electric Drive ; Editorial E-mail ;2012(06),http://eng.oversea.cnki.net/kcms/detail/detail.aspx?filename=DQCZ201206013&dbcode=CJFD&dbname=CJFD2012,Extreme,TMS320F2812
"Apr 30, 2012 @ 20:00:00.000",基于RF190无线传输及DSP的零售POS系统设计,-,针对RF190在无线传输中的特点;设计了基于无线射频传输技术的零售POS系统。系统以RF190无线射频传输模块和TMS320LF2407型号DSP为核心;由POS终端、PC终端、中心计算机等构成。通过POS终端、PC终端与中心计算机的信息传输;来实现零售POS系统的管理。,-,-,"中北大学机电工程学院, 中国人民解放军61769部队","North University of China (中北大学), North University of China (中北大学), 中国人民解放军61769部队",//JDJS.cbpt.cnki.net,https://web02.cnki.net/kcms/detail/detail.aspx?filename=JDJS201205011&dbcode=BQZJ&dbname=BQZSLKCJFD2012&v=,"Very High (Defense & Security Affiliated Research Universities)
, Very High (1286)
, Extreme",TMS320LF2407
"Jan 31, 2012 @ 19:00:00.000",Based on DSP Improved Motor Speed System Analysis and Implementation,In the practical engineering;the use of photoelectric encoder motor speed traps are susceptible to interference;as into instability;not speed motor control system;to bring defects.So in TMS320F2812 platform and M/T method;and on the basis of analysis on interference after the corresponding process improvement method;speed is more stable;accurate.Last of measured speed and other relevant data through the DSP2812 and configuration of the Kingview in the PC display;communication is convenient for the user to real time observation motor state.,在实际工程中;利用光电编码器进行电机测速易受干扰;造成速度不稳、不准;给电机控制系统带来缺陷。故在TMS320F2812平台及M/T法的基础上;对干扰分析后给出相应的程序改进方法;使测速更加稳定、精准。最后将测得的转速及其他相关数据通过DSP2812与组态王的通信在PC上显示;便于用户实时观测电机状态。,"improved m/t speed detection method, kingview, tms320f2812",Tang Sheng-Yang;Zhan Shao-Hua;Cai Wei-Min,"73127部队, 安徽理工大学电气与信息工程学院",73127部队,煤矿机械 ;Coal Mine Machinery ; Editorial E-mail ;2012(02),http://eng.oversea.cnki.net/Kcms/detail/detail.aspx?filename=MKJX201202117&dbcode=CJFD&dbname=CJFD2012,Extreme,TMS320F2812
"Jan 31, 2012 @ 19:00:00.000",Research of solar multi-functional intelligent blind-guide stick basedon TMS320F28027,This paper introduced a design of multi-functional intelligent blind-guide stick based on TMS320F28027.It is consisted of solar power management;new ultrasonic detection device with temperature compensation;LED display;oscillator circuit;voice circuit;LED circuit and keyboard.Testing after the easy-device have completed;the result is satisfied.The system is energy-saving;convenience and cost-effective.It is easy to go to production and marketization.,设计了一款基于TMS320F28027的太阳能多功能智能导盲杖;由太阳能电源管理器、带温度补偿的新型超声波探测器、数码管显示、振动电路、语音音频电路、LED指示以及键盘等模块组成。简易装置完成后;经测试达到满意的效果。该智能导盲杖节能、方便;性价比高;易于产品化和市场化。,"blind-guide stick, new ultrasonic, temperature compensation, tms320f28027, voice",Guo Yanqiong;Wang Zhimin;Zhang Yanchao;Zhang Jianjun,"武警北京指挥学院培训中心, 西安石油大学电子信息工程学院",武警北京指挥学院培训中心,微型机与应用 ;Microcomputer & Its Applications ; Editorial E-mail ;2012(02),https://eng.oversea.cnki.net/Kcms/detail/detail.aspx?filename=WXJY201202028&dbcode=CJFD&dbname=CJFD2012,Extreme,TMS320F28027
"Jan 31, 2012 @ 19:00:00.000",基于DSP的改进型电机测速系统的分析与实现,In the practical engineering;the use of photoelectric encoder motor speed traps are susceptible to interference;as into instability;not speed motor control system;to bring defects.So in TMS320F2812 platform and M/T method;and on the basis of analysis on interference after the corresponding process improvement method;speed is more stable;accurate.Last of measured speed and other relevant data through the DSP2812 and configuration of the Kingview in the PC display;communication is convenient for the user to real time observation motor state.,在实际工程中;利用光电编码器进行电机测速易受干扰;造成速度不稳、不准;给电机控制系统带来缺陷。故在TMS320F2812平台及M/T法的基础上;对干扰分析后给出相应的程序改进方法;使测速更加稳定、精准。最后将测得的转速及其他相关数据通过DSP2812与组态王的通信在PC上显示;便于用户实时观测电机状态。,"improved m/t speed detection method, kingview, tms320f2812",ZHAN Shao-hua2;CAI Wei-min1;TANG Sheng-yang1,"73127部队, 1.Anhui University of Technology Institute of Electrical and Information Engineering,Huainan 232007,China 2.73127 Troops,Fuzhou 350303,China, 安徽理工大学电气与信息工程学院","Anhui University (安徽大学), 73127部队",//MKJX.cbpt.cnki.net,https://web02.cnki.net/kcms/detail/detail.aspx?filename=MKJX201202117&dbcode=BQZJ&dbname=BQZSLKCJFD2012&v=,"Very High (Defense & Security Affiliated Research Universities)
, Extreme",TMS320F2812
"Jan 30, 2012 @ 19:00:00.000",基于DSP软件锁相技术的CPT谐振频率跟踪研究,由非接触电能传输系统中谐振耦合电路的特性可知;耦合线圈处于谐振状态对减少无功功率;提高系统传输效率具有重要影响。在此基础上提出采用基于数字信号处理器TMS320F2812的软件锁相技术实现非接触电能系统谐振频率的跟踪方法;给出了具体实现思路及软件流程图。实验结果验证了本方法的可行性和有效性。,-,"串联谐振, 数字信号处理器, 锁相环, 非接触电能传输, 频率跟踪",徐贺腾;刘志敏;孟祥成;牛王强," 上海海事大学科学研究院,  空军95935部队",空军95935部队,北大核心;电气传动,https://kns.cnki.net/kcms/detail/detail.aspx?dbcode=CJFD&dbname=CJFD2012&filename=DQCZ201206013,Extreme,TMS320F2812
"Jan 30, 2012 @ 19:00:00.000",基于CC2530的无线监控系统设计与实现,建立涉密场所的人员、环境、物体实时监控网络对保证涉密场所的安全具有十分重要的意义。本文针对传统有线监控系统耗材多、造价高、功耗大等缺点;采用CC2530芯片组建了基于ZigBee无线通信技术的无线监控网络;并在此基础上进行了上位机软件设计和ZigBee网络软件设计;最后对涉密大楼内部人员、环境和物品实施实时监控;进行了该系统的组网测试、通信距离测试以及数据传输测试。实验测试结果表明;本系统组网正常;数据传输稳定;能够很好的对大楼实施监控;可广泛应用于办公场所的监控领域。,-,"cc2530, zigbee, 无线监控",吴猛猛;刘双双;龚文超," 海军潜艇学院,  61569部队",61569部队,电子测量技术,https://kns.cnki.net//kcms/detail/detail.aspx?filename=DZCL201206008&dbcode=CJFQ&dbname=CJFD2012&v=PmMhxbF2mkDzjGlv_Pn6_T0SUNOFXv1C0m9bbiVCQ2k8mIhE88TuCXE1mTbqpBpG,Extreme,CC2530
"Jan 30, 2012 @ 19:00:00.000",基于TMS320C6678多核处理器体系结构的研究,为充分挖掘多核DSP性能;从计算机系统结构的角度出发;结合对TI的TMS320C6678的认识;开展了对多核DSP体系结构的研究.在C6678单核结构的基础上;分析了片内互联网络;共享存储结构及核间通信技术;并采用相关算法验证多核DSP的性能;最后提出了多核DSP的发展方向.,-,"tms320c6678, 体系结构, 多核dsp",肖瑜;郝朋朋;周煦林;唐艺菁," 西安微电子技术研究所,  中国人民解放军边防学院",中国人民解放军边防学院,北大核心;微电子学与计算机,https://kns.cnki.net//kcms/detail/detail.aspx?filename=WXYJ201212041&dbcode=CJFD&dbname=CJFD2012&v=Z4XZUaADQzyqL4QAX0naWcR_IM3FS102OtHjV1CPqKxdATQ2RePbm_qBHfLaSnVn,Extreme,TMS320C6678
"Jan 30, 2012 @ 19:00:00.000",逆变器并联系统的环流抑制策略研究,在对逆变器并联系统环流产生机理分析的基础上;提出了一种环流负反馈外加平均负载电流前馈的均流策略;通过调节反馈系数;在系统输出特性不变的条件下增大了环流阻抗;从而有效减小了逆变器并联运行时因幅值差异产生的环流.利用TMS320LF2407A芯片实现并联系统数字控制和CAN总线的通信;提高了并联系统的抗扰能力和可靠性.通过两台1.5kW逆变器并联的Matlab仿真和实验;证明了并联系统在线性负载条件下有很好的动态响应性能和均流效果.,-,"can总线, 平均负载电流, 数字信号处理器, 环流抑制, 逆变器并联",贾月朋;屈建国;亓迎川;张俊," 空军预警学院研究生管理大队,  空军预警学院五系,  93656部队",93656部队,空军雷达学院学报,https://kns.cnki.net/kcms/detail/detail.aspx?dbcode=CJFD&dbname=CJFD2012&filename=KLDX201205013,Extreme,TMS320LF2407A
"Jan 30, 2012 @ 19:00:00.000",A Tracking Processor for Infrared Imaging with Photo-Electric Theodolites,A real-time target detection and tracking system is designed using TMS320C6203 high performance DSP（Digital Signal Processor） as the core;using CPLD（Complex Programmable Logic Device） for logic control and using FPGA（Field Programmable Gate Array） for image preprocessing.The hardware structure;operation principle and software flow of the system are introduced with a highlight on the algorithm of target detection and real-time performance.The system is successfully used in the infrared image data processing system of a photo-electric theodolite.Applications in range tests show that the dim target recognition and tracking capability of the system meets the real-time performance requirements of engineering projects.Significant improvements are made in data acquisition capability;data processing speed and sampling accuracy.,-,"band-pass filter, digital signal processor, image processing, infrared imaging, photo-electric theodolite, tracking processor",Zhang Ming;Zhang Guangxing;SHI Zhiguo;Zhang Yanlong,"PLA Unit 92853,Xingcheng,Liaoning Province 125106",PLA Unit 92853,Journal of Spacecraft TT＆C Technology.,https://kns.cnki.net/kcms/detail/detail.aspx?dbcode=CJFD&dbname=CJFD2012&filename=FXCK201204014,Extreme,TMS320C6203
"Jan 30, 2012 @ 19:00:00.000",Resonant Frequency Tracking of Contractless Power Transmission System by a DSP Software Phase Locked Loop,It is known that the resonant operation of the coupled coils has important influences to reduce the reactive power and improve the transmission efficiency from the features of the resonant coupling circuit in the contractless power transmission（CPT） system.Based on above theory;a resonant frequency tracking method was presented in the CPT system by a DSP TMS320F2812 based software phase locked loop;and then the specific designing ideas and software flowcharts were introduced.Finally;the experimental results demonstrate the feasibility and effectiveness of this method.,-,"contractless power transfer（cpt）, digital signal processors（dsp）, frequency tracking, phase locked loop, series resonance",-,"2.Unit 95935 of PLA,Shuangcheng 150111,Heilongjiang,China), XU He-teng1,NIU Wang-qiang1,MENG Xiang-cheng1,LIU Zhi-min2(1.Scientific Research Institute,Shanghai Maritime University,Shanghai 201306,China",2.Unit 95935 of PLA,Core;Electric Drive.,https://kns.cnki.net/kcms/detail/detail.aspx?dbcode=CJFD&dbname=CJFD2012&filename=DQCZ201206013,Extreme,TMS320F2812
"Jan 30, 2012 @ 19:00:00.000",基于改进扰动观察法的光伏阵列MPPT研究,针对常规扰动观察（P&O）法由于环境快速变化带来的失效性问题提出一种基于改进P&O法的最大功率点跟踪（MPPT）算法。采用一种压阻可变的方法模拟光伏阵列的输出特性。改进P&O法通过控制Boost变换器的占空比改变变换器的输入电压从而实现MPPT。以DSP芯片TMS320LF2407A为控制电路主处理器以Boost变换器为主拓扑电路搭建了模拟光伏阵列MPPT实验系统。实验结果表明该改进算法能有效地跟踪光伏阵列最大功率点（MPP）。,-,"光伏阵列, 变换器, 扰动观察法, 最大功率点",周伟;冀捐灶;肖强,"空军工程大学,  中国人民解放军第93801部队",中国人民解放军第93801部队,北大核心电力电子技术,https://kns.cnki.net//kcms/detail/detail.aspx?filename=DLDZ201208013&dbcode=CJFQ&dbname=CJFD2012&v=w593anmORPubD1H8ApBUc8rWo1vfb0JcXw7nzJfdeVn8zhAWoKZXwCveaPOD0ruE,Extreme,TMS320LF2407A
"Dec 31, 2011 @ 19:00:00.000",Realization of High-Performance Steady Speed Control System of Brushless DC Motor,The implementation scheme of digital steady speed control system for brushless DC motor was introduced in this paper.The design of the hardware and software of the control system which was based on DSP TMS320F2812 was given out.The detaching proportion and integral control(PI) was adopted based on adjusting parameter.The results of the environment simulation and driving experiment showed that the control system had ideal performance for control.,介绍了一种高性能无刷直流(BLDC)电机数字稳速控制系统的实现方案。给出了基于DSPTMS320F2812芯片的系统硬件和软件设计。采用了基于变参的积分分离比例积分(PI)控制方案。模拟环境和实物实验结果表明系统的稳速控制性能理想。,"brushless dc motor, control fuzzy-pi, steady speed control",Li Wei-Zhong;Yao Qin,中国人民解放军海军驻上海地区航天系统军事代表室,中国人民解放军海军驻上海地区航天系统军事代表室,上海航天 ;Aerospace Shanghai ; Editorial E-mail ;2012(01),http://eng.oversea.cnki.net/Kcms/detail/detail.aspx?filename=SHHT201201015&dbcode=CJFD&dbname=CJFD2012,Extreme,TMS320F2812
"Nov 30, 2011 @ 19:00:00.000",基于TMS320C6713的USB数据传输系统设计,USB data transfer system based on TMS320C6713 is introduced.The system adopting TMS320C6713 as the main controller and connecting TMS320C6713 with PC host by CY7C68001USB controller meets the requirements of mass data transmission by overcoming the disadvantages of traditional systems;such as limited data transfer capability and slow speed of data processing.The scheme of hardware design and the idea of software design are illustrated.The experiment result proves that the developed system has the advantages of high-speed data transmission and high reliability.,介绍了基于TMS320C6713的USB数据传输系统。该系统以TMS320C6713作为主控制器;通过CY7C68001USB控制器连接TMS320C6713与PC主机;克服了传统的数据传输量小;传输速度慢的缺点;能更好地满足大容量数据的传输要求。在此详细阐明了系统的硬件设计方案和软件设计思想;并进行实现。结果证明;研制的系统具有传输速率高;可靠性好的优点。,"dsp, high-speed data transmission, usb2.0, vc++",ZHANG Yi-wen2;LIU Jian-ping2;XU Jia-long1,"武警工程学院通信工程系, 1.Post-graduate Managing Unit,Engineering College of Armed Police Force,Xi’an 710086,China 2.Communication Engineering Department,Engineering College of Armed Police Force,Xi’an 710086,China, 武警工程学院研究生管理大队","武警工程学院通信工程系, 武警工程学院研究生管理大队",//XDDJ.cbpt.cnki.net,https://web02.cnki.net/kcms/detail/detail.aspx?filename=XDDJ201122026&dbcode=BQZJ&dbname=BQZSLKCJFD2011&v=,"Extreme, Extreme",TMS320C6713
"Oct 31, 2011 @ 20:00:00.000",航空用永磁无刷电机复合驱动中转速波动研究,This paper analysed the sine/square wave compound driven for brushless PM motors in aircraft EMA;deduced the dynamical equation of the speed during the switch process and researched the major factors which affect the speed fluctuation.The simulation model of compound driven for brushless PM motor and the platform of the motion control system for universal motors were established.The results of the analysis;simulations and experiments prove that the speed fluctuation can be controlled within acceptable limits and the compound driven for brushless PM motor is feasibility.,研究了航空EMA用永磁无刷电机正弦波/方波复合驱动策略;推导了永磁无刷电机在驱动方式切换时的转速动态方程;分析了影响切换过程中转速波动的主要因素。建立了永磁无刷电机复合驱动的仿真模型和实验平台;仿真和实验结果表明;正弦波/方波复合驱动时的转速波动可以控制在允许的范围内;验证了复合驱动控制策略的有效性。,"compound driven, ema, speed fluctuation, tms320f2812",XIE Liang;LV Yongjian;LI Fei,"Engineering College,Air Force Engineering University,Xi’an 710038,China, 空军工程大学工程学院","Air Force Engineering University (中国人民解放军空军工程大学), Air Force Engineering University (中国人民解放军空军工程大学), Air Force Engineering University",//WDJZ.cbpt.cnki.net,https://web02.cnki.net/kcms/detail/detail.aspx?filename=WDJZ201111002&dbcode=BQZJ&dbname=BQZSLKCJFD2011&v=,"Very High (Defense & Security Affiliated Research Universities)
, Very High (1286)
, Extreme",TMS320F2812
